,Name of user,Competition Name,Label,Ranking
0,2393,KTH Master's Challenge (Full Scholarship + Monthly Stipend),0,0.0
1,2393,Marksman Call For Articles- November 2017,1,0.554798611497
2,2393,Convergence 2017,0,0.478780717313
3,2393,Prarambh 2018,0,0.0694116090673
4,2393,Click India Photography Competition - Shot 3,1,0.573369051024
5,2393,NEC IIT Bombay Presents The Entrepreneurship Quiz Challenge,0,0.0433436600947
6,2393,Battleground 8.0,0,0.0618899115816
7,2393,ShopFloor,0,0.164795637949
8,2393,CrackItUp,0,0.110611281892
9,2393,NEC IIT Bombay Presents CodeSprint,0,0.0521019912154
10,2393,Kamaal Dhamaal Bemisaal,0,0.157701683403
11,2393,Brainy Awards,0,0.157440968661
12,2393,Inquizito - Tickle Your Grey Cells,0,0.0587782919844
13,2393,Finathon - Time To Trade!,0,0.110661320953
14,2393,Yalgaar - Time For Halla Bol!,0,0.206395046803
15,2393,IntellOps- Article Writing Competition By OpCellence,0,0.162882048778
16,2393,BIOCON PRESENTS SHOT OF LIFE,0,0.171874775185
17,2393,NEC IIT Bombay Presents Empresario,0,0.0790239435541
18,2393,Rural Le Carte,0,0.131138342981
19,2393,The Fast Pay Story,0,0.131138342981
20,2393,"FINAcumen, IIM Nagpur",0,0.193657311667
21,2393,NEC IIT Bombay Presents Hashtrix,0,0.0521019912154
22,2393,NEC IIT Bomaby Presents HackStack,0,0.074345535807
23,2393,Asia Pacific International Conference,0,0.134774488269
24,2393,Interview Question Of Year 2017,0,0.119359562981
25,2393,The Great Analytics Quiz,0,0.140764696007
26,2393,"Paper Presentation On ""  Effect Of App Based Learning In School Education (K-12)""",0,0.144515358963
27,2393,KDP Pen To Publish Contest,1,0.533191092826
28,2393,Banjara International Film Festival 2017,0,0.0716459998409
29,2393,Spanish Guitar Competition 2017,0,0.382735944261
30,2393,SSGK Maestro Olympiad,0,0.333333333333
31,2393,Global Business Model Competition 2017,0,0.088792736326
32,2393,National Geography Olympiad 2017,0,0.148728266105
33,2393,NATS Talent Search,0,0.381751736581
34,2393,JIFF ISC Script Contest,0,0.0
35,2393,Maay Marathi Film Competition 2017,0,0.0988128121085
36,2393,Project Innovation Contest,0,0.0597413658529
37,2393,Dream Build Play 2017 Challenge,1,0.649706338863
38,2393,Photography Competition 2017,1,0.573369051024
39,2393,Asia Young Designer Award Contest,0,0.395356828832
40,2393,GYTI Innovation Awards,0,0.0694116090673
41,2393,Haryana Vigyan / Yuva Vigyan Ratna Awards 2017-18,0,0.0549963022312
42,2393,Dr. A P J Abdul Kalam National Legal Essay Competition 2017,0,0.106582901625
43,2393,1st Justice P N Bhagwati Research Paper Writing Competition 2017,0,0.0083104618126
44,2393,Best International Future Lawyer Award 2017,0,0.0
45,2393,Archasm Architecture Competition 2017,0,0.0578819938763
46,2393,4th National Essay Writing Competition 2018,0,0.0292332229881
47,2393,India?s Storytellers/ Script Contest 2017-2018,1,0.500469537092
48,2393,Third National Essay Competition on Water 2017-18,0,0.0272187135893
49,2393,Soul of Bengaluru Photo Contest 2017,0,0.0905941201253
50,2393,1st International Article Writing Competition 2017,0,0.0525037207065
51,2393,"Combating Corruption, Battling Black Money Competition 2017",0,0.0371397334317
52,2393,Solar Chulha Innovation Challenge 2017,0,0.0641839748251
53,2432,KTH Master's Challenge (Full Scholarship + Monthly Stipend),0,0.0
54,2432,Marksman Call For Articles- November 2017,0,0.0713761162659
55,2432,Convergence 2017,0,0.0944828997716
56,2432,Prarambh 2018,0,0.0779630514342
57,2432,Click India Photography Competition - Shot 3,0,0.221629257819
58,2432,NEC IIT Bombay Presents The Entrepreneurship Quiz Challenge,0,0.0702923893689
59,2432,Battleground 8.0,0,0.0828328996947
60,2432,ShopFloor,0,0.0372503134801
61,2432,CrackItUp,0,0.0463564728897
62,2432,NEC IIT Bombay Presents CodeSprint,0,0.0158120377333
63,2432,Kamaal Dhamaal Bemisaal,0,0.0889771135947
64,2432,Brainy Awards,0,0.0564041036925
65,2432,Inquizito - Tickle Your Grey Cells,0,0.0923835162338
66,2432,Finathon - Time To Trade!,0,0.0461205539028
67,2432,Yalgaar - Time For Halla Bol!,0,0.0737149173301
68,2432,IntellOps- Article Writing Competition By OpCellence,0,0.0459619254006
69,2432,BIOCON PRESENTS SHOT OF LIFE,0,0.04900397289
70,2432,NEC IIT Bombay Presents Empresario,0,0.081980007758
71,2432,Rural Le Carte,0,0.0329482021143
72,2432,The Fast Pay Story,0,0.0329482021143
73,2432,"FINAcumen, IIM Nagpur",0,0.0807109693299
74,2432,NEC IIT Bombay Presents Hashtrix,0,0.0158120377333
75,2432,NEC IIT Bomaby Presents HackStack,0,0.058825422624
76,2432,Asia Pacific International Conference,0,0.0631085974838
77,2432,Interview Question Of Year 2017,0,0.0439117954646
78,2432,The Great Analytics Quiz,0,0.0718264918187
79,2432,"Paper Presentation On ""  Effect Of App Based Learning In School Education (K-12)""",0,0.0978053539889
80,2432,KDP Pen To Publish Contest,0,0.296732804906
81,2432,Banjara International Film Festival 2017,0,0.34738743276
82,2432,Spanish Guitar Competition 2017,0,0.245673567698
83,2432,SSGK Maestro Olympiad,0,0.0476157425114
84,2432,Global Business Model Competition 2017,0,0.0930282953974
85,2432,National Geography Olympiad 2017,1,0.714279547351
86,2432,NATS Talent Search,0,0.227417533511
87,2432,JIFF ISC Script Contest,0,0.0
88,2432,Maay Marathi Film Competition 2017,0,0.162030906373
89,2432,Project Innovation Contest,0,0.162400545808
90,2432,Dream Build Play 2017 Challenge,0,0.206080954505
91,2432,Photography Competition 2017,0,0.221629257819
92,2432,Asia Young Designer Award Contest,0,0.30498683881
93,2432,GYTI Innovation Awards,0,0.0779630514342
94,2432,Haryana Vigyan / Yuva Vigyan Ratna Awards 2017-18,0,0.361434902686
95,2432,Dr. A P J Abdul Kalam National Legal Essay Competition 2017,0,0.201765025821
96,2432,1st Justice P N Bhagwati Research Paper Writing Competition 2017,0,0.073917755788
97,2432,Best International Future Lawyer Award 2017,0,0.0
98,2432,Archasm Architecture Competition 2017,0,0.237240095686
99,2432,4th National Essay Writing Competition 2018,0,0.132160259064
100,2432,India?s Storytellers/ Script Contest 2017-2018,0,0.166768380985
101,2432,Third National Essay Competition on Water 2017-18,0,0.0980505983744
102,2432,Soul of Bengaluru Photo Contest 2017,0,0.176664674689
103,2432,1st International Article Writing Competition 2017,0,0.412048260089
104,2432,"Combating Corruption, Battling Black Money Competition 2017",0,0.252009613414
105,2432,Solar Chulha Innovation Challenge 2017,0,0.182214828773
106,2473,KTH Master's Challenge (Full Scholarship + Monthly Stipend),0,0.0
107,2473,Marksman Call For Articles- November 2017,1,0.554798611497
108,2473,Convergence 2017,0,0.478780717313
109,2473,Prarambh 2018,0,0.0694116090673
110,2473,Click India Photography Competition - Shot 3,1,0.573369051024
111,2473,NEC IIT Bombay Presents The Entrepreneurship Quiz Challenge,0,0.0433436600947
112,2473,Battleground 8.0,0,0.0618899115816
113,2473,ShopFloor,0,0.164795637949
114,2473,CrackItUp,0,0.110611281892
115,2473,NEC IIT Bombay Presents CodeSprint,0,0.0521019912154
116,2473,Kamaal Dhamaal Bemisaal,0,0.157701683403
117,2473,Brainy Awards,0,0.157440968661
118,2473,Inquizito - Tickle Your Grey Cells,0,0.0587782919844
119,2473,Finathon - Time To Trade!,0,0.110661320953
120,2473,Yalgaar - Time For Halla Bol!,0,0.206395046803
121,2473,IntellOps- Article Writing Competition By OpCellence,0,0.162882048778
122,2473,BIOCON PRESENTS SHOT OF LIFE,0,0.171874775185
123,2473,NEC IIT Bombay Presents Empresario,0,0.0790239435541
124,2473,Rural Le Carte,0,0.131138342981
125,2473,The Fast Pay Story,0,0.131138342981
126,2473,"FINAcumen, IIM Nagpur",0,0.193657311667
127,2473,NEC IIT Bombay Presents Hashtrix,0,0.0521019912154
128,2473,NEC IIT Bomaby Presents HackStack,0,0.074345535807
129,2473,Asia Pacific International Conference,0,0.134774488269
130,2473,Interview Question Of Year 2017,0,0.119359562981
131,2473,The Great Analytics Quiz,0,0.140764696007
132,2473,"Paper Presentation On ""  Effect Of App Based Learning In School Education (K-12)""",0,0.144515358963
133,2473,KDP Pen To Publish Contest,1,0.533191092826
134,2473,Banjara International Film Festival 2017,0,0.0716459998409
135,2473,Spanish Guitar Competition 2017,0,0.382735944261
136,2473,SSGK Maestro Olympiad,0,0.333333333333
137,2473,Global Business Model Competition 2017,0,0.088792736326
138,2473,National Geography Olympiad 2017,0,0.148728266105
139,2473,NATS Talent Search,0,0.381751736581
140,2473,JIFF ISC Script Contest,0,0.0
141,2473,Maay Marathi Film Competition 2017,0,0.0988128121085
142,2473,Project Innovation Contest,0,0.0597413658529
143,2473,Dream Build Play 2017 Challenge,1,0.649706338863
144,2473,Photography Competition 2017,1,0.573369051024
145,2473,Asia Young Designer Award Contest,0,0.395356828832
146,2473,GYTI Innovation Awards,0,0.0694116090673
147,2473,Haryana Vigyan / Yuva Vigyan Ratna Awards 2017-18,0,0.0549963022312
148,2473,Dr. A P J Abdul Kalam National Legal Essay Competition 2017,0,0.106582901625
149,2473,1st Justice P N Bhagwati Research Paper Writing Competition 2017,0,0.0083104618126
150,2473,Best International Future Lawyer Award 2017,0,0.0
151,2473,Archasm Architecture Competition 2017,0,0.0578819938763
152,2473,4th National Essay Writing Competition 2018,0,0.0292332229881
153,2473,India?s Storytellers/ Script Contest 2017-2018,1,0.500469537092
154,2473,Third National Essay Competition on Water 2017-18,0,0.0272187135893
155,2473,Soul of Bengaluru Photo Contest 2017,0,0.0905941201253
156,2473,1st International Article Writing Competition 2017,0,0.0525037207065
157,2473,"Combating Corruption, Battling Black Money Competition 2017",0,0.0371397334317
158,2473,Solar Chulha Innovation Challenge 2017,0,0.0641839748251
159,2481,KTH Master's Challenge (Full Scholarship + Monthly Stipend),0,0.0
160,2481,Marksman Call For Articles- November 2017,0,0.451854813855
161,2481,Convergence 2017,0,0.488867535697
162,2481,Prarambh 2018,0,0.495625806785
163,2481,Click India Photography Competition - Shot 3,1,0.700371963488
164,2481,NEC IIT Bombay Presents The Entrepreneurship Quiz Challenge,0,0.259687747818
165,2481,Battleground 8.0,0,0.342573058878
166,2481,ShopFloor,0,0.301931633981
167,2481,CrackItUp,0,0.193974598423
168,2481,NEC IIT Bombay Presents CodeSprint,0,0.222490608347
169,2481,Kamaal Dhamaal Bemisaal,0,0.311746369154
170,2481,Brainy Awards,0,0.236549266579
171,2481,Inquizito - Tickle Your Grey Cells,0,0.314490548542
172,2481,Finathon - Time To Trade!,0,0.249746755439
173,2481,Yalgaar - Time For Halla Bol!,0,0.189026072645
174,2481,IntellOps- Article Writing Competition By OpCellence,0,0.304331404899
175,2481,BIOCON PRESENTS SHOT OF LIFE,0,0.248873598441
176,2481,NEC IIT Bombay Presents Empresario,0,0.293369740542
177,2481,Rural Le Carte,0,0.293499970237
178,2481,The Fast Pay Story,0,0.293499970237
179,2481,"FINAcumen, IIM Nagpur",0,0.437056822018
180,2481,NEC IIT Bombay Presents Hashtrix,0,0.222490608347
181,2481,NEC IIT Bomaby Presents HackStack,0,0.360461256036
182,2481,Asia Pacific International Conference,0,0.349936072597
183,2481,Interview Question Of Year 2017,0,0.244729704406
184,2481,The Great Analytics Quiz,0,0.385353918392
185,2481,"Paper Presentation On ""  Effect Of App Based Learning In School Education (K-12)""",0,0.422489886083
186,2481,KDP Pen To Publish Contest,1,0.606139707917
187,2481,Banjara International Film Festival 2017,1,0.540321720911
188,2481,Spanish Guitar Competition 2017,1,0.570271550048
189,2481,SSGK Maestro Olympiad,0,0.194823412975
190,2481,Global Business Model Competition 2017,0,0.31958177754
191,2481,National Geography Olympiad 2017,1,1.13970083377
192,2481,NATS Talent Search,1,0.773193256196
193,2481,JIFF ISC Script Contest,0,0.0
194,2481,Maay Marathi Film Competition 2017,0,0.26233722401
195,2481,Project Innovation Contest,1,0.512627857937
196,2481,Dream Build Play 2017 Challenge,0,0.457855320247
197,2481,Photography Competition 2017,1,0.700371963488
198,2481,Asia Young Designer Award Contest,1,0.750974591097
199,2481,GYTI Innovation Awards,0,0.495625806785
200,2481,Haryana Vigyan / Yuva Vigyan Ratna Awards 2017-18,1,0.880615425636
201,2481,Dr. A P J Abdul Kalam National Legal Essay Competition 2017,1,0.567619988175
202,2481,1st Justice P N Bhagwati Research Paper Writing Competition 2017,0,0.280351144111
203,2481,Best International Future Lawyer Award 2017,0,0.0
204,2481,Archasm Architecture Competition 2017,0,0.396971784577
205,2481,4th National Essay Writing Competition 2018,0,0.317587254358
206,2481,India?s Storytellers/ Script Contest 2017-2018,0,0.435800691024
207,2481,Third National Essay Competition on Water 2017-18,0,0.261604706079
208,2481,Soul of Bengaluru Photo Contest 2017,1,0.570189972913
209,2481,1st International Article Writing Competition 2017,1,0.927465171973
210,2481,"Combating Corruption, Battling Black Money Competition 2017",0,0.472138919913
211,2481,Solar Chulha Innovation Challenge 2017,0,0.467878220341
212,2528,KTH Master's Challenge (Full Scholarship + Monthly Stipend),0,0.0
213,2528,Marksman Call For Articles- November 2017,0,0.28850441668
214,2528,Convergence 2017,1,0.503993539568
215,2528,Prarambh 2018,1,0.625159632122
216,2528,Click India Photography Competition - Shot 3,1,0.523741288944
217,2528,NEC IIT Bombay Presents The Entrepreneurship Quiz Challenge,0,0.358739265865
218,2528,Battleground 8.0,0,0.289993797008
219,2528,ShopFloor,0,0.202355206554
220,2528,CrackItUp,0,0.142556862294
221,2528,NEC IIT Bombay Presents CodeSprint,0,0.484601095228
222,2528,Kamaal Dhamaal Bemisaal,0,0.33607292725
223,2528,Brainy Awards,0,0.260545286581
224,2528,Inquizito - Tickle Your Grey Cells,0,0.207758945222
225,2528,Finathon - Time To Trade!,0,0.126956006613
226,2528,Yalgaar - Time For Halla Bol!,0,0.167113847579
227,2528,IntellOps- Article Writing Competition By OpCellence,0,0.297695144421
228,2528,BIOCON PRESENTS SHOT OF LIFE,0,0.17943718986
229,2528,NEC IIT Bombay Presents Empresario,0,0.324013372405
230,2528,Rural Le Carte,0,0.178659382442
231,2528,The Fast Pay Story,0,0.178659382442
232,2528,"FINAcumen, IIM Nagpur",0,0.222173011573
233,2528,NEC IIT Bombay Presents Hashtrix,0,0.484601095228
234,2528,NEC IIT Bomaby Presents HackStack,1,0.548938481363
235,2528,Asia Pacific International Conference,0,0.214222880111
236,2528,Interview Question Of Year 2017,0,0.151676426748
237,2528,The Great Analytics Quiz,0,0.344067725947
238,2528,"Paper Presentation On ""  Effect Of App Based Learning In School Education (K-12)""",0,0.186165919042
239,2528,KDP Pen To Publish Contest,0,0.36328181862
240,2528,Banjara International Film Festival 2017,0,0.448426310867
241,2528,Spanish Guitar Competition 2017,0,0.371478526233
242,2528,SSGK Maestro Olympiad,0,0.0752446093159
243,2528,Global Business Model Competition 2017,0,0.268602241496
244,2528,National Geography Olympiad 2017,1,1.07128954034
245,2528,NATS Talent Search,1,0.73193626661
246,2528,JIFF ISC Script Contest,0,0.0
247,2528,Maay Marathi Film Competition 2017,0,0.204192125233
248,2528,Project Innovation Contest,0,0.389675317969
249,2528,Dream Build Play 2017 Challenge,0,0.265685587113
250,2528,Photography Competition 2017,1,0.523741288944
251,2528,Asia Young Designer Award Contest,1,0.564492817598
252,2528,GYTI Innovation Awards,1,0.625159632122
253,2528,Haryana Vigyan / Yuva Vigyan Ratna Awards 2017-18,1,1.52260517833
254,2528,Dr. A P J Abdul Kalam National Legal Essay Competition 2017,0,0.344247466666
255,2528,1st Justice P N Bhagwati Research Paper Writing Competition 2017,0,0.150496892148
256,2528,Best International Future Lawyer Award 2017,0,0.0
257,2528,Archasm Architecture Competition 2017,0,0.375551423099
258,2528,4th National Essay Writing Competition 2018,0,0.344979260464
259,2528,India?s Storytellers/ Script Contest 2017-2018,0,0.233335040748
260,2528,Third National Essay Competition on Water 2017-18,0,0.240026328486
261,2528,Soul of Bengaluru Photo Contest 2017,0,0.496176698366
262,2528,1st International Article Writing Competition 2017,1,0.603483414838
263,2528,"Combating Corruption, Battling Black Money Competition 2017",0,0.116702970259
264,2528,Solar Chulha Innovation Challenge 2017,0,0.33419229022
265,2549,KTH Master's Challenge (Full Scholarship + Monthly Stipend),0,0.0
266,2549,Marksman Call For Articles- November 2017,0,0.147354180363
267,2549,Convergence 2017,0,0.127748946902
268,2549,Prarambh 2018,0,0.119542713527
269,2549,Click India Photography Competition - Shot 3,0,0.327706363387
270,2549,NEC IIT Bombay Presents The Entrepreneurship Quiz Challenge,0,0.214605285029
271,2549,Battleground 8.0,0,0.173005693004
272,2549,ShopFloor,0,0.147109303872
273,2549,CrackItUp,0,0.0629019774255
274,2549,NEC IIT Bombay Presents CodeSprint,0,0.151639999573
275,2549,Kamaal Dhamaal Bemisaal,0,0.136114740469
276,2549,Brainy Awards,0,0.109572175686
277,2549,Inquizito - Tickle Your Grey Cells,0,0.129667510038
278,2549,Finathon - Time To Trade!,0,0.0865681212101
279,2549,Yalgaar - Time For Halla Bol!,0,0.140202276764
280,2549,IntellOps- Article Writing Competition By OpCellence,0,0.0850079289526
281,2549,BIOCON PRESENTS SHOT OF LIFE,0,0.117374923653
282,2549,NEC IIT Bombay Presents Empresario,0,0.131123178718
283,2549,Rural Le Carte,0,0.124969415908
284,2549,The Fast Pay Story,0,0.124969415908
285,2549,"FINAcumen, IIM Nagpur",0,0.151494212118
286,2549,NEC IIT Bombay Presents Hashtrix,0,0.151639999573
287,2549,NEC IIT Bomaby Presents HackStack,0,0.164711896027
288,2549,Asia Pacific International Conference,0,0.105482818758
289,2549,Interview Question Of Year 2017,0,0.0977138743432
290,2549,The Great Analytics Quiz,0,0.136379056449
291,2549,"Paper Presentation On ""  Effect Of App Based Learning In School Education (K-12)""",0,0.171754416607
292,2549,KDP Pen To Publish Contest,1,0.512704550749
293,2549,Banjara International Film Festival 2017,0,0.379185108302
294,2549,Spanish Guitar Competition 2017,0,0.321598620767
295,2549,SSGK Maestro Olympiad,0,0.065917616556
296,2549,Global Business Model Competition 2017,0,0.17713770989
297,2549,National Geography Olympiad 2017,1,0.663666161261
298,2549,NATS Talent Search,0,0.244587668547
299,2549,JIFF ISC Script Contest,0,0.0
300,2549,Maay Marathi Film Competition 2017,0,0.269007643618
301,2549,Project Innovation Contest,0,0.207456412478
302,2549,Dream Build Play 2017 Challenge,0,0.225929379763
303,2549,Photography Competition 2017,0,0.327706363387
304,2549,Asia Young Designer Award Contest,0,0.290093916525
305,2549,GYTI Innovation Awards,0,0.119542713527
306,2549,Haryana Vigyan / Yuva Vigyan Ratna Awards 2017-18,0,0.459071806943
307,2549,Dr. A P J Abdul Kalam National Legal Essay Competition 2017,0,0.170389187055
308,2549,1st Justice P N Bhagwati Research Paper Writing Competition 2017,0,0.0904612790692
309,2549,Best International Future Lawyer Award 2017,0,0.0
310,2549,Archasm Architecture Competition 2017,0,0.258814646855
311,2549,4th National Essay Writing Competition 2018,0,0.0869909519317
312,2549,India?s Storytellers/ Script Contest 2017-2018,0,0.367256147881
313,2549,Third National Essay Competition on Water 2017-18,0,0.0824503057092
314,2549,Soul of Bengaluru Photo Contest 2017,0,0.327907132761
315,2549,1st International Article Writing Competition 2017,0,0.302466022456
316,2549,"Combating Corruption, Battling Black Money Competition 2017",0,0.0950078723458
317,2549,Solar Chulha Innovation Challenge 2017,0,0.207959732685
318,2571,KTH Master's Challenge (Full Scholarship + Monthly Stipend),0,0.0
319,2571,Marksman Call For Articles- November 2017,1,0.554798611497
320,2571,Convergence 2017,0,0.478780717313
321,2571,Prarambh 2018,0,0.0694116090673
322,2571,Click India Photography Competition - Shot 3,1,0.573369051024
323,2571,NEC IIT Bombay Presents The Entrepreneurship Quiz Challenge,0,0.0433436600947
324,2571,Battleground 8.0,0,0.0618899115816
325,2571,ShopFloor,0,0.164795637949
326,2571,CrackItUp,0,0.110611281892
327,2571,NEC IIT Bombay Presents CodeSprint,0,0.0521019912154
328,2571,Kamaal Dhamaal Bemisaal,0,0.157701683403
329,2571,Brainy Awards,0,0.157440968661
330,2571,Inquizito - Tickle Your Grey Cells,0,0.0587782919844
331,2571,Finathon - Time To Trade!,0,0.110661320953
332,2571,Yalgaar - Time For Halla Bol!,0,0.206395046803
333,2571,IntellOps- Article Writing Competition By OpCellence,0,0.162882048778
334,2571,BIOCON PRESENTS SHOT OF LIFE,0,0.171874775185
335,2571,NEC IIT Bombay Presents Empresario,0,0.0790239435541
336,2571,Rural Le Carte,0,0.131138342981
337,2571,The Fast Pay Story,0,0.131138342981
338,2571,"FINAcumen, IIM Nagpur",0,0.193657311667
339,2571,NEC IIT Bombay Presents Hashtrix,0,0.0521019912154
340,2571,NEC IIT Bomaby Presents HackStack,0,0.074345535807
341,2571,Asia Pacific International Conference,0,0.134774488269
342,2571,Interview Question Of Year 2017,0,0.119359562981
343,2571,The Great Analytics Quiz,0,0.140764696007
344,2571,"Paper Presentation On ""  Effect Of App Based Learning In School Education (K-12)""",0,0.144515358963
345,2571,KDP Pen To Publish Contest,1,0.533191092826
346,2571,Banjara International Film Festival 2017,0,0.0716459998409
347,2571,Spanish Guitar Competition 2017,0,0.382735944261
348,2571,SSGK Maestro Olympiad,0,0.333333333333
349,2571,Global Business Model Competition 2017,0,0.088792736326
350,2571,National Geography Olympiad 2017,0,0.148728266105
351,2571,NATS Talent Search,0,0.381751736581
352,2571,JIFF ISC Script Contest,0,0.0
353,2571,Maay Marathi Film Competition 2017,0,0.0988128121085
354,2571,Project Innovation Contest,0,0.0597413658529
355,2571,Dream Build Play 2017 Challenge,1,0.649706338863
356,2571,Photography Competition 2017,1,0.573369051024
357,2571,Asia Young Designer Award Contest,0,0.395356828832
358,2571,GYTI Innovation Awards,0,0.0694116090673
359,2571,Haryana Vigyan / Yuva Vigyan Ratna Awards 2017-18,0,0.0549963022312
360,2571,Dr. A P J Abdul Kalam National Legal Essay Competition 2017,0,0.106582901625
361,2571,1st Justice P N Bhagwati Research Paper Writing Competition 2017,0,0.0083104618126
362,2571,Best International Future Lawyer Award 2017,0,0.0
363,2571,Archasm Architecture Competition 2017,0,0.0578819938763
364,2571,4th National Essay Writing Competition 2018,0,0.0292332229881
365,2571,India?s Storytellers/ Script Contest 2017-2018,1,0.500469537092
366,2571,Third National Essay Competition on Water 2017-18,0,0.0272187135893
367,2571,Soul of Bengaluru Photo Contest 2017,0,0.0905941201253
368,2571,1st International Article Writing Competition 2017,0,0.0525037207065
369,2571,"Combating Corruption, Battling Black Money Competition 2017",0,0.0371397334317
370,2571,Solar Chulha Innovation Challenge 2017,0,0.0641839748251
371,2604,KTH Master's Challenge (Full Scholarship + Monthly Stipend),0,0.0
372,2604,Marksman Call For Articles- November 2017,1,0.655424149952
373,2604,Convergence 2017,1,0.845407267565
374,2604,Prarambh 2018,1,1.13957548637
375,2604,Click India Photography Competition - Shot 3,0,0.474350295847
376,2604,NEC IIT Bombay Presents The Entrepreneurship Quiz Challenge,0,0.317619271373
377,2604,Battleground 8.0,1,0.667040344951
378,2604,ShopFloor,0,0.499810224293
379,2604,CrackItUp,0,0.352163284922
380,2604,NEC IIT Bombay Presents CodeSprint,0,0.449233220109
381,2604,Kamaal Dhamaal Bemisaal,0,0.48609303404
382,2604,Brainy Awards,0,0.373606761455
383,2604,Inquizito - Tickle Your Grey Cells,0,0.446728334201
384,2604,Finathon - Time To Trade!,0,0.412191450246
385,2604,Yalgaar - Time For Halla Bol!,0,0.14823445279
386,2604,IntellOps- Article Writing Competition By OpCellence,1,0.61240563843
387,2604,BIOCON PRESENTS SHOT OF LIFE,0,0.345729355372
388,2604,NEC IIT Bombay Presents Empresario,0,0.491842764535
389,2604,Rural Le Carte,0,0.486139171037
390,2604,The Fast Pay Story,0,0.486139171037
391,2604,"FINAcumen, IIM Nagpur",1,0.72133503793
392,2604,NEC IIT Bombay Presents Hashtrix,0,0.449233220109
393,2604,NEC IIT Bomaby Presents HackStack,1,0.559736359799
394,2604,Asia Pacific International Conference,1,0.713791574659
395,2604,Interview Question Of Year 2017,0,0.407883278861
396,2604,The Great Analytics Quiz,1,0.732323752158
397,2604,"Paper Presentation On ""  Effect Of App Based Learning In School Education (K-12)""",0,0.478601868446
398,2604,KDP Pen To Publish Contest,0,0.396076743785
399,2604,Banjara International Film Festival 2017,0,0.20930467563
400,2604,Spanish Guitar Competition 2017,0,0.411964030506
401,2604,SSGK Maestro Olympiad,0,0.0790303591342
402,2604,Global Business Model Competition 2017,0,0.214761528518
403,2604,National Geography Olympiad 2017,1,0.77098348241
404,2604,NATS Talent Search,1,1.29049165162
405,2604,JIFF ISC Script Contest,0,0.0
406,2604,Maay Marathi Film Competition 2017,0,0.29272896725
407,2604,Project Innovation Contest,0,0.464387757135
408,2604,Dream Build Play 2017 Challenge,0,0.232136654736
409,2604,Photography Competition 2017,0,0.474350295847
410,2604,Asia Young Designer Award Contest,1,0.646243645547
411,2604,GYTI Innovation Awards,1,1.13957548637
412,2604,Haryana Vigyan / Yuva Vigyan Ratna Awards 2017-18,1,0.657758062934
413,2604,Dr. A P J Abdul Kalam National Legal Essay Competition 2017,0,0.398949002017
414,2604,1st Justice P N Bhagwati Research Paper Writing Competition 2017,0,0.25229095529
415,2604,Best International Future Lawyer Award 2017,0,0.0
416,2604,Archasm Architecture Competition 2017,0,0.221004090443
417,2604,4th National Essay Writing Competition 2018,1,0.52299368311
418,2604,India?s Storytellers/ Script Contest 2017-2018,0,0.362521780847
419,2604,Third National Essay Competition on Water 2017-18,0,0.264532109469
420,2604,Soul of Bengaluru Photo Contest 2017,1,0.676474577976
421,2604,1st International Article Writing Competition 2017,1,0.736667743471
422,2604,"Combating Corruption, Battling Black Money Competition 2017",0,0.449654166188
423,2604,Solar Chulha Innovation Challenge 2017,0,0.37281912745
424,2638,KTH Master's Challenge (Full Scholarship + Monthly Stipend),0,0.0
425,2638,Marksman Call For Articles- November 2017,1,0.554798611497
426,2638,Convergence 2017,0,0.478780717313
427,2638,Prarambh 2018,0,0.0694116090673
428,2638,Click India Photography Competition - Shot 3,1,0.573369051024
429,2638,NEC IIT Bombay Presents The Entrepreneurship Quiz Challenge,0,0.0433436600947
430,2638,Battleground 8.0,0,0.0618899115816
431,2638,ShopFloor,0,0.164795637949
432,2638,CrackItUp,0,0.110611281892
433,2638,NEC IIT Bombay Presents CodeSprint,0,0.0521019912154
434,2638,Kamaal Dhamaal Bemisaal,0,0.157701683403
435,2638,Brainy Awards,0,0.157440968661
436,2638,Inquizito - Tickle Your Grey Cells,0,0.0587782919844
437,2638,Finathon - Time To Trade!,0,0.110661320953
438,2638,Yalgaar - Time For Halla Bol!,0,0.206395046803
439,2638,IntellOps- Article Writing Competition By OpCellence,0,0.162882048778
440,2638,BIOCON PRESENTS SHOT OF LIFE,0,0.171874775185
441,2638,NEC IIT Bombay Presents Empresario,0,0.0790239435541
442,2638,Rural Le Carte,0,0.131138342981
443,2638,The Fast Pay Story,0,0.131138342981
444,2638,"FINAcumen, IIM Nagpur",0,0.193657311667
445,2638,NEC IIT Bombay Presents Hashtrix,0,0.0521019912154
446,2638,NEC IIT Bomaby Presents HackStack,0,0.074345535807
447,2638,Asia Pacific International Conference,0,0.134774488269
448,2638,Interview Question Of Year 2017,0,0.119359562981
449,2638,The Great Analytics Quiz,0,0.140764696007
450,2638,"Paper Presentation On ""  Effect Of App Based Learning In School Education (K-12)""",0,0.144515358963
451,2638,KDP Pen To Publish Contest,1,0.533191092826
452,2638,Banjara International Film Festival 2017,0,0.0716459998409
453,2638,Spanish Guitar Competition 2017,0,0.382735944261
454,2638,SSGK Maestro Olympiad,0,0.333333333333
455,2638,Global Business Model Competition 2017,0,0.088792736326
456,2638,National Geography Olympiad 2017,0,0.148728266105
457,2638,NATS Talent Search,0,0.381751736581
458,2638,JIFF ISC Script Contest,0,0.0
459,2638,Maay Marathi Film Competition 2017,0,0.0988128121085
460,2638,Project Innovation Contest,0,0.0597413658529
461,2638,Dream Build Play 2017 Challenge,1,0.649706338863
462,2638,Photography Competition 2017,1,0.573369051024
463,2638,Asia Young Designer Award Contest,0,0.395356828832
464,2638,GYTI Innovation Awards,0,0.0694116090673
465,2638,Haryana Vigyan / Yuva Vigyan Ratna Awards 2017-18,0,0.0549963022312
466,2638,Dr. A P J Abdul Kalam National Legal Essay Competition 2017,0,0.106582901625
467,2638,1st Justice P N Bhagwati Research Paper Writing Competition 2017,0,0.0083104618126
468,2638,Best International Future Lawyer Award 2017,0,0.0
469,2638,Archasm Architecture Competition 2017,0,0.0578819938763
470,2638,4th National Essay Writing Competition 2018,0,0.0292332229881
471,2638,India?s Storytellers/ Script Contest 2017-2018,1,0.500469537092
472,2638,Third National Essay Competition on Water 2017-18,0,0.0272187135893
473,2638,Soul of Bengaluru Photo Contest 2017,0,0.0905941201253
474,2638,1st International Article Writing Competition 2017,0,0.0525037207065
475,2638,"Combating Corruption, Battling Black Money Competition 2017",0,0.0371397334317
476,2638,Solar Chulha Innovation Challenge 2017,0,0.0641839748251
477,2652,KTH Master's Challenge (Full Scholarship + Monthly Stipend),0,0.0
478,2652,Marksman Call For Articles- November 2017,1,0.554798611497
479,2652,Convergence 2017,0,0.478780717313
480,2652,Prarambh 2018,0,0.0694116090673
481,2652,Click India Photography Competition - Shot 3,1,0.573369051024
482,2652,NEC IIT Bombay Presents The Entrepreneurship Quiz Challenge,0,0.0433436600947
483,2652,Battleground 8.0,0,0.0618899115816
484,2652,ShopFloor,0,0.164795637949
485,2652,CrackItUp,0,0.110611281892
486,2652,NEC IIT Bombay Presents CodeSprint,0,0.0521019912154
487,2652,Kamaal Dhamaal Bemisaal,0,0.157701683403
488,2652,Brainy Awards,0,0.157440968661
489,2652,Inquizito - Tickle Your Grey Cells,0,0.0587782919844
490,2652,Finathon - Time To Trade!,0,0.110661320953
491,2652,Yalgaar - Time For Halla Bol!,0,0.206395046803
492,2652,IntellOps- Article Writing Competition By OpCellence,0,0.162882048778
493,2652,BIOCON PRESENTS SHOT OF LIFE,0,0.171874775185
494,2652,NEC IIT Bombay Presents Empresario,0,0.0790239435541
495,2652,Rural Le Carte,0,0.131138342981
496,2652,The Fast Pay Story,0,0.131138342981
497,2652,"FINAcumen, IIM Nagpur",0,0.193657311667
498,2652,NEC IIT Bombay Presents Hashtrix,0,0.0521019912154
499,2652,NEC IIT Bomaby Presents HackStack,0,0.074345535807
500,2652,Asia Pacific International Conference,0,0.134774488269
501,2652,Interview Question Of Year 2017,0,0.119359562981
502,2652,The Great Analytics Quiz,0,0.140764696007
503,2652,"Paper Presentation On ""  Effect Of App Based Learning In School Education (K-12)""",0,0.144515358963
504,2652,KDP Pen To Publish Contest,1,0.533191092826
505,2652,Banjara International Film Festival 2017,0,0.0716459998409
506,2652,Spanish Guitar Competition 2017,0,0.382735944261
507,2652,SSGK Maestro Olympiad,0,0.333333333333
508,2652,Global Business Model Competition 2017,0,0.088792736326
509,2652,National Geography Olympiad 2017,0,0.148728266105
510,2652,NATS Talent Search,0,0.381751736581
511,2652,JIFF ISC Script Contest,0,0.0
512,2652,Maay Marathi Film Competition 2017,0,0.0988128121085
513,2652,Project Innovation Contest,0,0.0597413658529
514,2652,Dream Build Play 2017 Challenge,1,0.649706338863
515,2652,Photography Competition 2017,1,0.573369051024
516,2652,Asia Young Designer Award Contest,0,0.395356828832
517,2652,GYTI Innovation Awards,0,0.0694116090673
518,2652,Haryana Vigyan / Yuva Vigyan Ratna Awards 2017-18,0,0.0549963022312
519,2652,Dr. A P J Abdul Kalam National Legal Essay Competition 2017,0,0.106582901625
520,2652,1st Justice P N Bhagwati Research Paper Writing Competition 2017,0,0.0083104618126
521,2652,Best International Future Lawyer Award 2017,0,0.0
522,2652,Archasm Architecture Competition 2017,0,0.0578819938763
523,2652,4th National Essay Writing Competition 2018,0,0.0292332229881
524,2652,India?s Storytellers/ Script Contest 2017-2018,1,0.500469537092
525,2652,Third National Essay Competition on Water 2017-18,0,0.0272187135893
526,2652,Soul of Bengaluru Photo Contest 2017,0,0.0905941201253
527,2652,1st International Article Writing Competition 2017,0,0.0525037207065
528,2652,"Combating Corruption, Battling Black Money Competition 2017",0,0.0371397334317
529,2652,Solar Chulha Innovation Challenge 2017,0,0.0641839748251
530,2658,KTH Master's Challenge (Full Scholarship + Monthly Stipend),0,0.0
531,2658,Marksman Call For Articles- November 2017,1,0.554798611497
532,2658,Convergence 2017,0,0.478780717313
533,2658,Prarambh 2018,0,0.0694116090673
534,2658,Click India Photography Competition - Shot 3,1,0.573369051024
535,2658,NEC IIT Bombay Presents The Entrepreneurship Quiz Challenge,0,0.0433436600947
536,2658,Battleground 8.0,0,0.0618899115816
537,2658,ShopFloor,0,0.164795637949
538,2658,CrackItUp,0,0.110611281892
539,2658,NEC IIT Bombay Presents CodeSprint,0,0.0521019912154
540,2658,Kamaal Dhamaal Bemisaal,0,0.157701683403
541,2658,Brainy Awards,0,0.157440968661
542,2658,Inquizito - Tickle Your Grey Cells,0,0.0587782919844
543,2658,Finathon - Time To Trade!,0,0.110661320953
544,2658,Yalgaar - Time For Halla Bol!,0,0.206395046803
545,2658,IntellOps- Article Writing Competition By OpCellence,0,0.162882048778
546,2658,BIOCON PRESENTS SHOT OF LIFE,0,0.171874775185
547,2658,NEC IIT Bombay Presents Empresario,0,0.0790239435541
548,2658,Rural Le Carte,0,0.131138342981
549,2658,The Fast Pay Story,0,0.131138342981
550,2658,"FINAcumen, IIM Nagpur",0,0.193657311667
551,2658,NEC IIT Bombay Presents Hashtrix,0,0.0521019912154
552,2658,NEC IIT Bomaby Presents HackStack,0,0.074345535807
553,2658,Asia Pacific International Conference,0,0.134774488269
554,2658,Interview Question Of Year 2017,0,0.119359562981
555,2658,The Great Analytics Quiz,0,0.140764696007
556,2658,"Paper Presentation On ""  Effect Of App Based Learning In School Education (K-12)""",0,0.144515358963
557,2658,KDP Pen To Publish Contest,1,0.533191092826
558,2658,Banjara International Film Festival 2017,0,0.0716459998409
559,2658,Spanish Guitar Competition 2017,0,0.382735944261
560,2658,SSGK Maestro Olympiad,0,0.333333333333
561,2658,Global Business Model Competition 2017,0,0.088792736326
562,2658,National Geography Olympiad 2017,0,0.148728266105
563,2658,NATS Talent Search,0,0.381751736581
564,2658,JIFF ISC Script Contest,0,0.0
565,2658,Maay Marathi Film Competition 2017,0,0.0988128121085
566,2658,Project Innovation Contest,0,0.0597413658529
567,2658,Dream Build Play 2017 Challenge,1,0.649706338863
568,2658,Photography Competition 2017,1,0.573369051024
569,2658,Asia Young Designer Award Contest,0,0.395356828832
570,2658,GYTI Innovation Awards,0,0.0694116090673
571,2658,Haryana Vigyan / Yuva Vigyan Ratna Awards 2017-18,0,0.0549963022312
572,2658,Dr. A P J Abdul Kalam National Legal Essay Competition 2017,0,0.106582901625
573,2658,1st Justice P N Bhagwati Research Paper Writing Competition 2017,0,0.0083104618126
574,2658,Best International Future Lawyer Award 2017,0,0.0
575,2658,Archasm Architecture Competition 2017,0,0.0578819938763
576,2658,4th National Essay Writing Competition 2018,0,0.0292332229881
577,2658,India?s Storytellers/ Script Contest 2017-2018,1,0.500469537092
578,2658,Third National Essay Competition on Water 2017-18,0,0.0272187135893
579,2658,Soul of Bengaluru Photo Contest 2017,0,0.0905941201253
580,2658,1st International Article Writing Competition 2017,0,0.0525037207065
581,2658,"Combating Corruption, Battling Black Money Competition 2017",0,0.0371397334317
582,2658,Solar Chulha Innovation Challenge 2017,0,0.0641839748251
583,2700,KTH Master's Challenge (Full Scholarship + Monthly Stipend),0,0.0
584,2700,Marksman Call For Articles- November 2017,1,0.554798611497
585,2700,Convergence 2017,0,0.478780717313
586,2700,Prarambh 2018,0,0.0694116090673
587,2700,Click India Photography Competition - Shot 3,1,0.573369051024
588,2700,NEC IIT Bombay Presents The Entrepreneurship Quiz Challenge,0,0.0433436600947
589,2700,Battleground 8.0,0,0.0618899115816
590,2700,ShopFloor,0,0.164795637949
591,2700,CrackItUp,0,0.110611281892
592,2700,NEC IIT Bombay Presents CodeSprint,0,0.0521019912154
593,2700,Kamaal Dhamaal Bemisaal,0,0.157701683403
594,2700,Brainy Awards,0,0.157440968661
595,2700,Inquizito - Tickle Your Grey Cells,0,0.0587782919844
596,2700,Finathon - Time To Trade!,0,0.110661320953
597,2700,Yalgaar - Time For Halla Bol!,0,0.206395046803
598,2700,IntellOps- Article Writing Competition By OpCellence,0,0.162882048778
599,2700,BIOCON PRESENTS SHOT OF LIFE,0,0.171874775185
600,2700,NEC IIT Bombay Presents Empresario,0,0.0790239435541
601,2700,Rural Le Carte,0,0.131138342981
602,2700,The Fast Pay Story,0,0.131138342981
603,2700,"FINAcumen, IIM Nagpur",0,0.193657311667
604,2700,NEC IIT Bombay Presents Hashtrix,0,0.0521019912154
605,2700,NEC IIT Bomaby Presents HackStack,0,0.074345535807
606,2700,Asia Pacific International Conference,0,0.134774488269
607,2700,Interview Question Of Year 2017,0,0.119359562981
608,2700,The Great Analytics Quiz,0,0.140764696007
609,2700,"Paper Presentation On ""  Effect Of App Based Learning In School Education (K-12)""",0,0.144515358963
610,2700,KDP Pen To Publish Contest,1,0.533191092826
611,2700,Banjara International Film Festival 2017,0,0.0716459998409
612,2700,Spanish Guitar Competition 2017,0,0.382735944261
613,2700,SSGK Maestro Olympiad,0,0.333333333333
614,2700,Global Business Model Competition 2017,0,0.088792736326
615,2700,National Geography Olympiad 2017,0,0.148728266105
616,2700,NATS Talent Search,0,0.381751736581
617,2700,JIFF ISC Script Contest,0,0.0
618,2700,Maay Marathi Film Competition 2017,0,0.0988128121085
619,2700,Project Innovation Contest,0,0.0597413658529
620,2700,Dream Build Play 2017 Challenge,1,0.649706338863
621,2700,Photography Competition 2017,1,0.573369051024
622,2700,Asia Young Designer Award Contest,0,0.395356828832
623,2700,GYTI Innovation Awards,0,0.0694116090673
624,2700,Haryana Vigyan / Yuva Vigyan Ratna Awards 2017-18,0,0.0549963022312
625,2700,Dr. A P J Abdul Kalam National Legal Essay Competition 2017,0,0.106582901625
626,2700,1st Justice P N Bhagwati Research Paper Writing Competition 2017,0,0.0083104618126
627,2700,Best International Future Lawyer Award 2017,0,0.0
628,2700,Archasm Architecture Competition 2017,0,0.0578819938763
629,2700,4th National Essay Writing Competition 2018,0,0.0292332229881
630,2700,India?s Storytellers/ Script Contest 2017-2018,1,0.500469537092
631,2700,Third National Essay Competition on Water 2017-18,0,0.0272187135893
632,2700,Soul of Bengaluru Photo Contest 2017,0,0.0905941201253
633,2700,1st International Article Writing Competition 2017,0,0.0525037207065
634,2700,"Combating Corruption, Battling Black Money Competition 2017",0,0.0371397334317
635,2700,Solar Chulha Innovation Challenge 2017,0,0.0641839748251
636,2718,KTH Master's Challenge (Full Scholarship + Monthly Stipend),0,0.0
637,2718,Marksman Call For Articles- November 2017,0,0.245675422831
638,2718,Convergence 2017,0,0.224414576318
639,2718,Prarambh 2018,0,0.28060861233
640,2718,Click India Photography Competition - Shot 3,0,0.33034771103
641,2718,NEC IIT Bombay Presents The Entrepreneurship Quiz Challenge,0,0.1691943591
642,2718,Battleground 8.0,0,0.18824571846
643,2718,ShopFloor,0,0.16027338016
644,2718,CrackItUp,0,0.0847637647855
645,2718,NEC IIT Bombay Presents CodeSprint,0,0.146138282628
646,2718,Kamaal Dhamaal Bemisaal,0,0.134233173474
647,2718,Brainy Awards,0,0.10464928303
648,2718,Inquizito - Tickle Your Grey Cells,0,0.138322237069
649,2718,Finathon - Time To Trade!,0,0.0973594835391
650,2718,Yalgaar - Time For Halla Bol!,0,0.073287154445
651,2718,IntellOps- Article Writing Competition By OpCellence,0,0.142270763788
652,2718,BIOCON PRESENTS SHOT OF LIFE,0,0.123145594642
653,2718,NEC IIT Bombay Presents Empresario,0,0.13361230816
654,2718,Rural Le Carte,0,0.15609420287
655,2718,The Fast Pay Story,0,0.15609420287
656,2718,"FINAcumen, IIM Nagpur",0,0.170379096193
657,2718,NEC IIT Bombay Presents Hashtrix,0,0.146138282628
658,2718,NEC IIT Bomaby Presents HackStack,0,0.219317329201
659,2718,Asia Pacific International Conference,0,0.165999619956
660,2718,Interview Question Of Year 2017,0,0.110648254661
661,2718,The Great Analytics Quiz,0,0.177536470326
662,2718,"Paper Presentation On ""  Effect Of App Based Learning In School Education (K-12)""",0,0.162738978517
663,2718,KDP Pen To Publish Contest,0,0.264401939264
664,2718,Banjara International Film Festival 2017,0,0.185518474863
665,2718,Spanish Guitar Competition 2017,0,0.269356234248
666,2718,SSGK Maestro Olympiad,0,0.0895347717041
667,2718,Global Business Model Competition 2017,0,0.11146265533
668,2718,National Geography Olympiad 2017,0,0.465532674221
669,2718,NATS Talent Search,0,0.425799985362
670,2718,JIFF ISC Script Contest,0,0.0
671,2718,Maay Marathi Film Competition 2017,0,0.078091928557
672,2718,Project Innovation Contest,0,0.215718499599
673,2718,Dream Build Play 2017 Challenge,0,0.209038839856
674,2718,Photography Competition 2017,0,0.33034771103
675,2718,Asia Young Designer Award Contest,0,0.37610112865
676,2718,GYTI Innovation Awards,0,0.28060861233
677,2718,Haryana Vigyan / Yuva Vigyan Ratna Awards 2017-18,0,0.406836196981
678,2718,Dr. A P J Abdul Kalam National Legal Essay Competition 2017,0,0.291857049422
679,2718,1st Justice P N Bhagwati Research Paper Writing Competition 2017,0,0.0606242767237
680,2718,Best International Future Lawyer Award 2017,0,0.0
681,2718,Archasm Architecture Competition 2017,0,0.157366010605
682,2718,4th National Essay Writing Competition 2018,0,0.213849426231
683,2718,India?s Storytellers/ Script Contest 2017-2018,0,0.189737808128
684,2718,Third National Essay Competition on Water 2017-18,0,0.0817030096441
685,2718,Soul of Bengaluru Photo Contest 2017,0,0.286993950299
686,2718,1st International Article Writing Competition 2017,0,0.390703439154
687,2718,"Combating Corruption, Battling Black Money Competition 2017",0,0.139520353393
688,2718,Solar Chulha Innovation Challenge 2017,0,0.156105486098
689,2731,KTH Master's Challenge (Full Scholarship + Monthly Stipend),0,0.0
690,2731,Marksman Call For Articles- November 2017,0,0.0631108135083
691,2731,Convergence 2017,0,0.0980829282247
692,2731,Prarambh 2018,0,0.10110321179
693,2731,Click India Photography Competition - Shot 3,0,0.109260989289
694,2731,NEC IIT Bombay Presents The Entrepreneurship Quiz Challenge,0,0.0201435771351
695,2731,Battleground 8.0,0,0.0379262237965
696,2731,ShopFloor,0,0.0478520942036
697,2731,CrackItUp,0,0.0362542955701
698,2731,NEC IIT Bombay Presents CodeSprint,0,0.0512833367783
699,2731,Kamaal Dhamaal Bemisaal,0,0.06184420302
700,2731,Brainy Awards,0,0.0428889803789
701,2731,Inquizito - Tickle Your Grey Cells,0,0.0431318809583
702,2731,Finathon - Time To Trade!,0,0.0545109766202
703,2731,Yalgaar - Time For Halla Bol!,0,0.024854679516
704,2731,IntellOps- Article Writing Competition By OpCellence,0,0.0682540836743
705,2731,BIOCON PRESENTS SHOT OF LIFE,0,0.0391881644669
706,2731,NEC IIT Bombay Presents Empresario,0,0.0445570194775
707,2731,Rural Le Carte,0,0.0521533195933
708,2731,The Fast Pay Story,0,0.0521533195933
709,2731,"FINAcumen, IIM Nagpur",0,0.0953942090854
710,2731,NEC IIT Bombay Presents Hashtrix,0,0.0512833367783
711,2731,NEC IIT Bomaby Presents HackStack,0,0.0709364037838
712,2731,Asia Pacific International Conference,0,0.0575530679885
713,2731,Interview Question Of Year 2017,0,0.0490140660993
714,2731,The Great Analytics Quiz,0,0.0799688150724
715,2731,"Paper Presentation On ""  Effect Of App Based Learning In School Education (K-12)""",0,0.0647312066009
716,2731,KDP Pen To Publish Contest,0,0.0977990299033
717,2731,Banjara International Film Festival 2017,0,0.0739528742976
718,2731,Spanish Guitar Competition 2017,0,0.0641862637113
719,2731,SSGK Maestro Olympiad,0,0.024828908816
720,2731,Global Business Model Competition 2017,0,0.047307200095
721,2731,National Geography Olympiad 2017,0,0.225218849481
722,2731,NATS Talent Search,0,0.105940903697
723,2731,JIFF ISC Script Contest,0,0.0
724,2731,Maay Marathi Film Competition 2017,0,0.055288950073
725,2731,Project Innovation Contest,0,0.0616991281221
726,2731,Dream Build Play 2017 Challenge,0,0.0282842335286
727,2731,Photography Competition 2017,0,0.109260989289
728,2731,Asia Young Designer Award Contest,0,0.126781537219
729,2731,GYTI Innovation Awards,0,0.10110321179
730,2731,Haryana Vigyan / Yuva Vigyan Ratna Awards 2017-18,0,0.149717029541
731,2731,Dr. A P J Abdul Kalam National Legal Essay Competition 2017,0,0.0513501836789
732,2731,1st Justice P N Bhagwati Research Paper Writing Competition 2017,0,0.112056907378
733,2731,Best International Future Lawyer Award 2017,0,0.0
734,2731,Archasm Architecture Competition 2017,0,0.0877234103379
735,2731,4th National Essay Writing Competition 2018,0,0.00671090957317
736,2731,India?s Storytellers/ Script Contest 2017-2018,0,0.0555926550013
737,2731,Third National Essay Competition on Water 2017-18,0,0.0693045315576
738,2731,Soul of Bengaluru Photo Contest 2017,0,0.0956431121658
739,2731,1st International Article Writing Competition 2017,0,0.173990110049
740,2731,"Combating Corruption, Battling Black Money Competition 2017",0,0.0993053145998
741,2731,Solar Chulha Innovation Challenge 2017,0,0.0808264085303
742,2739,KTH Master's Challenge (Full Scholarship + Monthly Stipend),0,0.0
743,2739,Marksman Call For Articles- November 2017,1,0.554798611497
744,2739,Convergence 2017,0,0.478780717313
745,2739,Prarambh 2018,0,0.0694116090673
746,2739,Click India Photography Competition - Shot 3,1,0.573369051024
747,2739,NEC IIT Bombay Presents The Entrepreneurship Quiz Challenge,0,0.0433436600947
748,2739,Battleground 8.0,0,0.0618899115816
749,2739,ShopFloor,0,0.164795637949
750,2739,CrackItUp,0,0.110611281892
751,2739,NEC IIT Bombay Presents CodeSprint,0,0.0521019912154
752,2739,Kamaal Dhamaal Bemisaal,0,0.157701683403
753,2739,Brainy Awards,0,0.157440968661
754,2739,Inquizito - Tickle Your Grey Cells,0,0.0587782919844
755,2739,Finathon - Time To Trade!,0,0.110661320953
756,2739,Yalgaar - Time For Halla Bol!,0,0.206395046803
757,2739,IntellOps- Article Writing Competition By OpCellence,0,0.162882048778
758,2739,BIOCON PRESENTS SHOT OF LIFE,0,0.171874775185
759,2739,NEC IIT Bombay Presents Empresario,0,0.0790239435541
760,2739,Rural Le Carte,0,0.131138342981
761,2739,The Fast Pay Story,0,0.131138342981
762,2739,"FINAcumen, IIM Nagpur",0,0.193657311667
763,2739,NEC IIT Bombay Presents Hashtrix,0,0.0521019912154
764,2739,NEC IIT Bomaby Presents HackStack,0,0.074345535807
765,2739,Asia Pacific International Conference,0,0.134774488269
766,2739,Interview Question Of Year 2017,0,0.119359562981
767,2739,The Great Analytics Quiz,0,0.140764696007
768,2739,"Paper Presentation On ""  Effect Of App Based Learning In School Education (K-12)""",0,0.144515358963
769,2739,KDP Pen To Publish Contest,1,0.533191092826
770,2739,Banjara International Film Festival 2017,0,0.0716459998409
771,2739,Spanish Guitar Competition 2017,0,0.382735944261
772,2739,SSGK Maestro Olympiad,0,0.333333333333
773,2739,Global Business Model Competition 2017,0,0.088792736326
774,2739,National Geography Olympiad 2017,0,0.148728266105
775,2739,NATS Talent Search,0,0.381751736581
776,2739,JIFF ISC Script Contest,0,0.0
777,2739,Maay Marathi Film Competition 2017,0,0.0988128121085
778,2739,Project Innovation Contest,0,0.0597413658529
779,2739,Dream Build Play 2017 Challenge,1,0.649706338863
780,2739,Photography Competition 2017,1,0.573369051024
781,2739,Asia Young Designer Award Contest,0,0.395356828832
782,2739,GYTI Innovation Awards,0,0.0694116090673
783,2739,Haryana Vigyan / Yuva Vigyan Ratna Awards 2017-18,0,0.0549963022312
784,2739,Dr. A P J Abdul Kalam National Legal Essay Competition 2017,0,0.106582901625
785,2739,1st Justice P N Bhagwati Research Paper Writing Competition 2017,0,0.0083104618126
786,2739,Best International Future Lawyer Award 2017,0,0.0
787,2739,Archasm Architecture Competition 2017,0,0.0578819938763
788,2739,4th National Essay Writing Competition 2018,0,0.0292332229881
789,2739,India?s Storytellers/ Script Contest 2017-2018,1,0.500469537092
790,2739,Third National Essay Competition on Water 2017-18,0,0.0272187135893
791,2739,Soul of Bengaluru Photo Contest 2017,0,0.0905941201253
792,2739,1st International Article Writing Competition 2017,0,0.0525037207065
793,2739,"Combating Corruption, Battling Black Money Competition 2017",0,0.0371397334317
794,2739,Solar Chulha Innovation Challenge 2017,0,0.0641839748251
795,2750,KTH Master's Challenge (Full Scholarship + Monthly Stipend),0,0.0
796,2750,Marksman Call For Articles- November 2017,1,0.554798611497
797,2750,Convergence 2017,0,0.478780717313
798,2750,Prarambh 2018,0,0.0694116090673
799,2750,Click India Photography Competition - Shot 3,1,0.573369051024
800,2750,NEC IIT Bombay Presents The Entrepreneurship Quiz Challenge,0,0.0433436600947
801,2750,Battleground 8.0,0,0.0618899115816
802,2750,ShopFloor,0,0.164795637949
803,2750,CrackItUp,0,0.110611281892
804,2750,NEC IIT Bombay Presents CodeSprint,0,0.0521019912154
805,2750,Kamaal Dhamaal Bemisaal,0,0.157701683403
806,2750,Brainy Awards,0,0.157440968661
807,2750,Inquizito - Tickle Your Grey Cells,0,0.0587782919844
808,2750,Finathon - Time To Trade!,0,0.110661320953
809,2750,Yalgaar - Time For Halla Bol!,0,0.206395046803
810,2750,IntellOps- Article Writing Competition By OpCellence,0,0.162882048778
811,2750,BIOCON PRESENTS SHOT OF LIFE,0,0.171874775185
812,2750,NEC IIT Bombay Presents Empresario,0,0.0790239435541
813,2750,Rural Le Carte,0,0.131138342981
814,2750,The Fast Pay Story,0,0.131138342981
815,2750,"FINAcumen, IIM Nagpur",0,0.193657311667
816,2750,NEC IIT Bombay Presents Hashtrix,0,0.0521019912154
817,2750,NEC IIT Bomaby Presents HackStack,0,0.074345535807
818,2750,Asia Pacific International Conference,0,0.134774488269
819,2750,Interview Question Of Year 2017,0,0.119359562981
820,2750,The Great Analytics Quiz,0,0.140764696007
821,2750,"Paper Presentation On ""  Effect Of App Based Learning In School Education (K-12)""",0,0.144515358963
822,2750,KDP Pen To Publish Contest,1,0.533191092826
823,2750,Banjara International Film Festival 2017,0,0.0716459998409
824,2750,Spanish Guitar Competition 2017,0,0.382735944261
825,2750,SSGK Maestro Olympiad,0,0.333333333333
826,2750,Global Business Model Competition 2017,0,0.088792736326
827,2750,National Geography Olympiad 2017,0,0.148728266105
828,2750,NATS Talent Search,0,0.381751736581
829,2750,JIFF ISC Script Contest,0,0.0
830,2750,Maay Marathi Film Competition 2017,0,0.0988128121085
831,2750,Project Innovation Contest,0,0.0597413658529
832,2750,Dream Build Play 2017 Challenge,1,0.649706338863
833,2750,Photography Competition 2017,1,0.573369051024
834,2750,Asia Young Designer Award Contest,0,0.395356828832
835,2750,GYTI Innovation Awards,0,0.0694116090673
836,2750,Haryana Vigyan / Yuva Vigyan Ratna Awards 2017-18,0,0.0549963022312
837,2750,Dr. A P J Abdul Kalam National Legal Essay Competition 2017,0,0.106582901625
838,2750,1st Justice P N Bhagwati Research Paper Writing Competition 2017,0,0.0083104618126
839,2750,Best International Future Lawyer Award 2017,0,0.0
840,2750,Archasm Architecture Competition 2017,0,0.0578819938763
841,2750,4th National Essay Writing Competition 2018,0,0.0292332229881
842,2750,India?s Storytellers/ Script Contest 2017-2018,1,0.500469537092
843,2750,Third National Essay Competition on Water 2017-18,0,0.0272187135893
844,2750,Soul of Bengaluru Photo Contest 2017,0,0.0905941201253
845,2750,1st International Article Writing Competition 2017,0,0.0525037207065
846,2750,"Combating Corruption, Battling Black Money Competition 2017",0,0.0371397334317
847,2750,Solar Chulha Innovation Challenge 2017,0,0.0641839748251
848,2754,KTH Master's Challenge (Full Scholarship + Monthly Stipend),0,0.0
849,2754,Marksman Call For Articles- November 2017,0,0.300509829152
850,2754,Convergence 2017,0,0.258668796466
851,2754,Prarambh 2018,0,0.278663997019
852,2754,Click India Photography Competition - Shot 3,0,0.358889594441
853,2754,NEC IIT Bombay Presents The Entrepreneurship Quiz Challenge,0,0.192077382638
854,2754,Battleground 8.0,0,0.229430757088
855,2754,ShopFloor,0,0.194780110263
856,2754,CrackItUp,0,0.111461647255
857,2754,NEC IIT Bombay Presents CodeSprint,0,0.150776493608
858,2754,Kamaal Dhamaal Bemisaal,0,0.166550302888
859,2754,Brainy Awards,0,0.138269074772
860,2754,Inquizito - Tickle Your Grey Cells,0,0.158795930119
861,2754,Finathon - Time To Trade!,0,0.124704278276
862,2754,Yalgaar - Time For Halla Bol!,0,0.12446691398
863,2754,IntellOps- Article Writing Competition By OpCellence,0,0.162752806746
864,2754,BIOCON PRESENTS SHOT OF LIFE,0,0.159212126147
865,2754,NEC IIT Bombay Presents Empresario,0,0.156855478933
866,2754,Rural Le Carte,0,0.181512771348
867,2754,The Fast Pay Story,0,0.181512771348
868,2754,"FINAcumen, IIM Nagpur",0,0.218232486983
869,2754,NEC IIT Bombay Presents Hashtrix,0,0.150776493608
870,2754,NEC IIT Bomaby Presents HackStack,0,0.203328009703
871,2754,Asia Pacific International Conference,0,0.205256683026
872,2754,Interview Question Of Year 2017,0,0.140752038669
873,2754,The Great Analytics Quiz,0,0.207871841503
874,2754,"Paper Presentation On ""  Effect Of App Based Learning In School Education (K-12)""",0,0.25195257595
875,2754,KDP Pen To Publish Contest,0,0.310560457253
876,2754,Banjara International Film Festival 2017,0,0.278534188527
877,2754,Spanish Guitar Competition 2017,0,0.273037963283
878,2754,SSGK Maestro Olympiad,0,0.107224636361
879,2754,Global Business Model Competition 2017,0,0.210408110941
880,2754,National Geography Olympiad 2017,0,0.472658662798
881,2754,NATS Talent Search,0,0.469878964481
882,2754,JIFF ISC Script Contest,0,0.0
883,2754,Maay Marathi Film Competition 2017,0,0.0685477351277
884,2754,Project Innovation Contest,0,0.232763330539
885,2754,Dream Build Play 2017 Challenge,0,0.294030261451
886,2754,Photography Competition 2017,0,0.358889594441
887,2754,Asia Young Designer Award Contest,0,0.34806800345
888,2754,GYTI Innovation Awards,0,0.278663997019
889,2754,Haryana Vigyan / Yuva Vigyan Ratna Awards 2017-18,0,0.376020886039
890,2754,Dr. A P J Abdul Kalam National Legal Essay Competition 2017,0,0.356874666715
891,2754,1st Justice P N Bhagwati Research Paper Writing Competition 2017,0,0.103669334911
892,2754,Best International Future Lawyer Award 2017,0,0.0
893,2754,Archasm Architecture Competition 2017,0,0.143120197716
894,2754,4th National Essay Writing Competition 2018,0,0.261085821011
895,2754,India?s Storytellers/ Script Contest 2017-2018,0,0.281899322816
896,2754,Third National Essay Competition on Water 2017-18,0,0.0403252319938
897,2754,Soul of Bengaluru Photo Contest 2017,0,0.2773852735
898,2754,1st International Article Writing Competition 2017,0,0.361541441275
899,2754,"Combating Corruption, Battling Black Money Competition 2017",0,0.117912812763
900,2754,Solar Chulha Innovation Challenge 2017,0,0.189867075947
901,2848,KTH Master's Challenge (Full Scholarship + Monthly Stipend),0,0.0
902,2848,Marksman Call For Articles- November 2017,0,0.443599173365
903,2848,Convergence 2017,0,0.375907638588
904,2848,Prarambh 2018,1,0.504818624349
905,2848,Click India Photography Competition - Shot 3,1,0.664734656111
906,2848,NEC IIT Bombay Presents The Entrepreneurship Quiz Challenge,0,0.276787332948
907,2848,Battleground 8.0,0,0.324443779794
908,2848,ShopFloor,0,0.282888982578
909,2848,CrackItUp,0,0.17826641384
910,2848,NEC IIT Bombay Presents CodeSprint,0,0.218102065538
911,2848,Kamaal Dhamaal Bemisaal,0,0.308181495546
912,2848,Brainy Awards,0,0.23874339947
913,2848,Inquizito - Tickle Your Grey Cells,0,0.268400687723
914,2848,Finathon - Time To Trade!,0,0.192302572734
915,2848,Yalgaar - Time For Halla Bol!,0,0.211693654692
916,2848,IntellOps- Article Writing Competition By OpCellence,0,0.268515927484
917,2848,BIOCON PRESENTS SHOT OF LIFE,0,0.248951376773
918,2848,NEC IIT Bombay Presents Empresario,0,0.274610571145
919,2848,Rural Le Carte,0,0.257131972548
920,2848,The Fast Pay Story,0,0.257131972548
921,2848,"FINAcumen, IIM Nagpur",0,0.336529502284
922,2848,NEC IIT Bombay Presents Hashtrix,0,0.218102065538
923,2848,NEC IIT Bomaby Presents HackStack,0,0.341742221189
924,2848,Asia Pacific International Conference,0,0.303810190852
925,2848,Interview Question Of Year 2017,0,0.208691810615
926,2848,The Great Analytics Quiz,0,0.347394634904
927,2848,"Paper Presentation On ""  Effect Of App Based Learning In School Education (K-12)""",0,0.344276066424
928,2848,KDP Pen To Publish Contest,0,0.446705426526
929,2848,Banjara International Film Festival 2017,1,0.58799463547
930,2848,Spanish Guitar Competition 2017,1,0.565160835455
931,2848,SSGK Maestro Olympiad,0,0.139536739834
932,2848,Global Business Model Competition 2017,0,0.261106477669
933,2848,National Geography Olympiad 2017,1,1.01495154432
934,2848,NATS Talent Search,1,0.708578780888
935,2848,JIFF ISC Script Contest,0,0.0
936,2848,Maay Marathi Film Competition 2017,0,0.316107103757
937,2848,Project Innovation Contest,0,0.3706969194
938,2848,Dream Build Play 2017 Challenge,0,0.392732865998
939,2848,Photography Competition 2017,1,0.664734656111
940,2848,Asia Young Designer Award Contest,1,0.640499206287
941,2848,GYTI Innovation Awards,1,0.504818624349
942,2848,Haryana Vigyan / Yuva Vigyan Ratna Awards 2017-18,1,0.743290422502
943,2848,Dr. A P J Abdul Kalam National Legal Essay Competition 2017,0,0.445541655093
944,2848,1st Justice P N Bhagwati Research Paper Writing Competition 2017,0,0.160858475905
945,2848,Best International Future Lawyer Award 2017,0,0.0
946,2848,Archasm Architecture Competition 2017,0,0.343191634679
947,2848,4th National Essay Writing Competition 2018,0,0.314533104325
948,2848,India?s Storytellers/ Script Contest 2017-2018,0,0.443360563235
949,2848,Third National Essay Competition on Water 2017-18,0,0.147158530286
950,2848,Soul of Bengaluru Photo Contest 2017,1,0.541924501159
951,2848,1st International Article Writing Competition 2017,1,0.715884663228
952,2848,"Combating Corruption, Battling Black Money Competition 2017",0,0.409981896895
953,2848,Solar Chulha Innovation Challenge 2017,0,0.335461702141
954,2865,KTH Master's Challenge (Full Scholarship + Monthly Stipend),0,0.0
955,2865,Marksman Call For Articles- November 2017,1,0.59707648323
956,2865,Convergence 2017,1,0.712584779032
957,2865,Prarambh 2018,1,0.9675939445
958,2865,Click India Photography Competition - Shot 3,0,0.402600973278
959,2865,NEC IIT Bombay Presents The Entrepreneurship Quiz Challenge,0,0.157840487156
960,2865,Battleground 8.0,1,0.594554191264
961,2865,ShopFloor,0,0.465650079867
962,2865,CrackItUp,0,0.311463989824
963,2865,NEC IIT Bombay Presents CodeSprint,0,0.271037122427
964,2865,Kamaal Dhamaal Bemisaal,0,0.404705636246
965,2865,Brainy Awards,0,0.332388187011
966,2865,Inquizito - Tickle Your Grey Cells,0,0.410239409113
967,2865,Finathon - Time To Trade!,0,0.333908247207
968,2865,Yalgaar - Time For Halla Bol!,0,0.136826014827
969,2865,IntellOps- Article Writing Competition By OpCellence,1,0.522903547726
970,2865,BIOCON PRESENTS SHOT OF LIFE,0,0.342822606262
971,2865,NEC IIT Bombay Presents Empresario,0,0.407627796726
972,2865,Rural Le Carte,0,0.441251468791
973,2865,The Fast Pay Story,0,0.441251468791
974,2865,"FINAcumen, IIM Nagpur",1,0.584339432611
975,2865,NEC IIT Bombay Presents Hashtrix,0,0.271037122427
976,2865,NEC IIT Bomaby Presents HackStack,0,0.41608463104
977,2865,Asia Pacific International Conference,1,0.621401373414
978,2865,Interview Question Of Year 2017,0,0.334576204581
979,2865,The Great Analytics Quiz,1,0.608132493276
980,2865,"Paper Presentation On ""  Effect Of App Based Learning In School Education (K-12)""",0,0.433530401115
981,2865,KDP Pen To Publish Contest,0,0.283569464392
982,2865,Banjara International Film Festival 2017,0,0.171844639853
983,2865,Spanish Guitar Competition 2017,0,0.345630588724
984,2865,SSGK Maestro Olympiad,0,0.0946279746507
985,2865,Global Business Model Competition 2017,0,0.292115592239
986,2865,National Geography Olympiad 2017,1,0.613864778135
987,2865,NATS Talent Search,1,1.11341700297
988,2865,JIFF ISC Script Contest,0,0.0
989,2865,Maay Marathi Film Competition 2017,0,0.21301614754
990,2865,Project Innovation Contest,0,0.480108564082
991,2865,Dream Build Play 2017 Challenge,0,0.255120239302
992,2865,Photography Competition 2017,0,0.402600973278
993,2865,Asia Young Designer Award Contest,1,0.632539771022
994,2865,GYTI Innovation Awards,1,0.9675939445
995,2865,Haryana Vigyan / Yuva Vigyan Ratna Awards 2017-18,1,0.59442596829
996,2865,Dr. A P J Abdul Kalam National Legal Essay Competition 2017,0,0.428213162384
997,2865,1st Justice P N Bhagwati Research Paper Writing Competition 2017,0,0.179736343042
998,2865,Best International Future Lawyer Award 2017,0,0.0
999,2865,Archasm Architecture Competition 2017,0,0.17790360778
1000,2865,4th National Essay Writing Competition 2018,0,0.434178083799
1001,2865,India?s Storytellers/ Script Contest 2017-2018,0,0.267678578946
1002,2865,Third National Essay Competition on Water 2017-18,0,0.1557718015
1003,2865,Soul of Bengaluru Photo Contest 2017,0,0.473713154585
1004,2865,1st International Article Writing Competition 2017,1,0.705699761094
1005,2865,"Combating Corruption, Battling Black Money Competition 2017",0,0.311689416967
1006,2865,Solar Chulha Innovation Challenge 2017,0,0.344629791748
1007,2898,KTH Master's Challenge (Full Scholarship + Monthly Stipend),0,0.0
1008,2898,Marksman Call For Articles- November 2017,0,0.428636026721
1009,2898,Convergence 2017,1,0.567041770559
1010,2898,Prarambh 2018,1,0.640058684661
1011,2898,Click India Photography Competition - Shot 3,0,0.298284220836
1012,2898,NEC IIT Bombay Presents The Entrepreneurship Quiz Challenge,0,0.193929303099
1013,2898,Battleground 8.0,0,0.355917332589
1014,2898,ShopFloor,0,0.320347458886
1015,2898,CrackItUp,0,0.183202032389
1016,2898,NEC IIT Bombay Presents CodeSprint,0,0.214308597674
1017,2898,Kamaal Dhamaal Bemisaal,0,0.226676775494
1018,2898,Brainy Awards,0,0.192788510608
1019,2898,Inquizito - Tickle Your Grey Cells,0,0.250355921647
1020,2898,Finathon - Time To Trade!,0,0.135564210536
1021,2898,Yalgaar - Time For Halla Bol!,0,0.124369276549
1022,2898,IntellOps- Article Writing Competition By OpCellence,0,0.302769961069
1023,2898,BIOCON PRESENTS SHOT OF LIFE,0,0.266246362284
1024,2898,NEC IIT Bombay Presents Empresario,0,0.22789972633
1025,2898,Rural Le Carte,0,0.294807335506
1026,2898,The Fast Pay Story,0,0.294807335506
1027,2898,"FINAcumen, IIM Nagpur",0,0.237237368439
1028,2898,NEC IIT Bombay Presents Hashtrix,0,0.214308597674
1029,2898,NEC IIT Bomaby Presents HackStack,0,0.270084286699
1030,2898,Asia Pacific International Conference,0,0.355596317791
1031,2898,Interview Question Of Year 2017,0,0.186126809783
1032,2898,The Great Analytics Quiz,0,0.317126114623
1033,2898,"Paper Presentation On ""  Effect Of App Based Learning In School Education (K-12)""",0,0.272584027058
1034,2898,KDP Pen To Publish Contest,0,0.159538143934
1035,2898,Banjara International Film Festival 2017,0,0.122150694974
1036,2898,Spanish Guitar Competition 2017,0,0.253745983518
1037,2898,SSGK Maestro Olympiad,0,0.0847651490586
1038,2898,Global Business Model Competition 2017,0,0.223625949681
1039,2898,National Geography Olympiad 2017,0,0.44173891159
1040,2898,NATS Talent Search,1,0.847676938814
1041,2898,JIFF ISC Script Contest,0,0.0
1042,2898,Maay Marathi Film Competition 2017,0,0.0532630347508
1043,2898,Project Innovation Contest,0,0.271445373499
1044,2898,Dream Build Play 2017 Challenge,0,0.200578448779
1045,2898,Photography Competition 2017,0,0.298284220836
1046,2898,Asia Young Designer Award Contest,0,0.487404987454
1047,2898,GYTI Innovation Awards,1,0.640058684661
1048,2898,Haryana Vigyan / Yuva Vigyan Ratna Awards 2017-18,0,0.466477191186
1049,2898,Dr. A P J Abdul Kalam National Legal Essay Competition 2017,0,0.385789167711
1050,2898,1st Justice P N Bhagwati Research Paper Writing Competition 2017,0,0.103435294537
1051,2898,Best International Future Lawyer Award 2017,0,0.0
1052,2898,Archasm Architecture Competition 2017,0,0.0647176428318
1053,2898,4th National Essay Writing Competition 2018,0,0.373046894087
1054,2898,India?s Storytellers/ Script Contest 2017-2018,0,0.226927798873
1055,2898,Third National Essay Competition on Water 2017-18,0,0.0735769887947
1056,2898,Soul of Bengaluru Photo Contest 2017,0,0.260658692396
1057,2898,1st International Article Writing Competition 2017,0,0.482281640257
1058,2898,"Combating Corruption, Battling Black Money Competition 2017",0,0.190385959452
1059,2898,Solar Chulha Innovation Challenge 2017,0,0.17109196452
1060,2958,KTH Master's Challenge (Full Scholarship + Monthly Stipend),0,0.0
1061,2958,Marksman Call For Articles- November 2017,1,0.657996827905
1062,2958,Convergence 2017,1,0.7203955352
1063,2958,Prarambh 2018,1,0.941767857075
1064,2958,Click India Photography Competition - Shot 3,1,0.514542371228
1065,2958,NEC IIT Bombay Presents The Entrepreneurship Quiz Challenge,0,0.213038069237
1066,2958,Battleground 8.0,1,0.589539363496
1067,2958,ShopFloor,0,0.458922441742
1068,2958,CrackItUp,0,0.299813279462
1069,2958,NEC IIT Bombay Presents CodeSprint,0,0.320199905213
1070,2958,Kamaal Dhamaal Bemisaal,0,0.386272004844
1071,2958,Brainy Awards,0,0.316912568173
1072,2958,Inquizito - Tickle Your Grey Cells,0,0.390565235416
1073,2958,Finathon - Time To Trade!,0,0.336406151071
1074,2958,Yalgaar - Time For Halla Bol!,0,0.10954110926
1075,2958,IntellOps- Article Writing Competition By OpCellence,1,0.523280295338
1076,2958,BIOCON PRESENTS SHOT OF LIFE,0,0.320145267874
1077,2958,NEC IIT Bombay Presents Empresario,0,0.407763818398
1078,2958,Rural Le Carte,0,0.443846152024
1079,2958,The Fast Pay Story,0,0.443846152024
1080,2958,"FINAcumen, IIM Nagpur",1,0.588710764374
1081,2958,NEC IIT Bombay Presents Hashtrix,0,0.320199905213
1082,2958,NEC IIT Bomaby Presents HackStack,0,0.437398521699
1083,2958,Asia Pacific International Conference,1,0.602044774259
1084,2958,Interview Question Of Year 2017,0,0.333398892138
1085,2958,The Great Analytics Quiz,1,0.601321822251
1086,2958,"Paper Presentation On ""  Effect Of App Based Learning In School Education (K-12)""",0,0.435860720784
1087,2958,KDP Pen To Publish Contest,0,0.348873395211
1088,2958,Banjara International Film Festival 2017,0,0.200450686438
1089,2958,Spanish Guitar Competition 2017,0,0.388621513972
1090,2958,SSGK Maestro Olympiad,0,0.120079254357
1091,2958,Global Business Model Competition 2017,0,0.266549404504
1092,2958,National Geography Olympiad 2017,1,0.714760061513
1093,2958,NATS Talent Search,1,1.16669707754
1094,2958,JIFF ISC Script Contest,0,0.0
1095,2958,Maay Marathi Film Competition 2017,0,0.208463688953
1096,2958,Project Innovation Contest,0,0.439551368453
1097,2958,Dream Build Play 2017 Challenge,0,0.327159628105
1098,2958,Photography Competition 2017,1,0.514542371228
1099,2958,Asia Young Designer Award Contest,1,0.632996627913
1100,2958,GYTI Innovation Awards,1,0.941767857075
1101,2958,Haryana Vigyan / Yuva Vigyan Ratna Awards 2017-18,1,0.63254473252
1102,2958,Dr. A P J Abdul Kalam National Legal Essay Competition 2017,0,0.411232749556
1103,2958,1st Justice P N Bhagwati Research Paper Writing Competition 2017,0,0.179276014077
1104,2958,Best International Future Lawyer Award 2017,0,0.0
1105,2958,Archasm Architecture Competition 2017,0,0.219876784751
1106,2958,4th National Essay Writing Competition 2018,0,0.471628483632
1107,2958,India?s Storytellers/ Script Contest 2017-2018,0,0.319662899628
1108,2958,Third National Essay Competition on Water 2017-18,0,0.160709251426
1109,2958,Soul of Bengaluru Photo Contest 2017,1,0.58570260944
1110,2958,1st International Article Writing Competition 2017,1,0.653521467206
1111,2958,"Combating Corruption, Battling Black Money Competition 2017",0,0.256860499472
1112,2958,Solar Chulha Innovation Challenge 2017,0,0.298091275117
1113,2964,KTH Master's Challenge (Full Scholarship + Monthly Stipend),0,0.0
1114,2964,Marksman Call For Articles- November 2017,0,0.463678760068
1115,2964,Convergence 2017,1,0.674557318858
1116,2964,Prarambh 2018,1,0.91775594645
1117,2964,Click India Photography Competition - Shot 3,0,0.487692302803
1118,2964,NEC IIT Bombay Presents The Entrepreneurship Quiz Challenge,1,0.663561960864
1119,2964,Battleground 8.0,1,0.542154138127
1120,2964,ShopFloor,0,0.394192129414
1121,2964,CrackItUp,0,0.304039752949
1122,2964,NEC IIT Bombay Presents CodeSprint,1,0.662810100867
1123,2964,Kamaal Dhamaal Bemisaal,0,0.423090491013
1124,2964,Brainy Awards,0,0.333425947548
1125,2964,Inquizito - Tickle Your Grey Cells,0,0.465578026003
1126,2964,Finathon - Time To Trade!,0,0.296330724231
1127,2964,Yalgaar - Time For Halla Bol!,0,0.0794976646709
1128,2964,IntellOps- Article Writing Competition By OpCellence,1,0.555196731821
1129,2964,BIOCON PRESENTS SHOT OF LIFE,0,0.251782829682
1130,2964,NEC IIT Bombay Presents Empresario,1,0.540950453572
1131,2964,Rural Le Carte,0,0.39163620487
1132,2964,The Fast Pay Story,0,0.39163620487
1133,2964,"FINAcumen, IIM Nagpur",1,0.518578767404
1134,2964,NEC IIT Bombay Presents Hashtrix,1,0.662810100867
1135,2964,NEC IIT Bomaby Presents HackStack,1,0.721297827652
1136,2964,Asia Pacific International Conference,1,0.538068850103
1137,2964,Interview Question Of Year 2017,0,0.282190840714
1138,2964,The Great Analytics Quiz,1,0.590611711361
1139,2964,"Paper Presentation On ""  Effect Of App Based Learning In School Education (K-12)""",0,0.361552541012
1140,2964,KDP Pen To Publish Contest,1,0.542388350523
1141,2964,Banjara International Film Festival 2017,0,0.444225561961
1142,2964,Spanish Guitar Competition 2017,1,0.608239484596
1143,2964,SSGK Maestro Olympiad,0,0.069994221085
1144,2964,Global Business Model Competition 2017,1,0.540564494007
1145,2964,National Geography Olympiad 2017,1,1.01881477365
1146,2964,NATS Talent Search,1,1.05249505061
1147,2964,JIFF ISC Script Contest,0,0.0
1148,2964,Maay Marathi Film Competition 2017,1,0.528170274492
1149,2964,Project Innovation Contest,1,0.601251096166
1150,2964,Dream Build Play 2017 Challenge,0,0.402299798918
1151,2964,Photography Competition 2017,0,0.487692302803
1152,2964,Asia Young Designer Award Contest,1,0.786164088849
1153,2964,GYTI Innovation Awards,1,0.91775594645
1154,2964,Haryana Vigyan / Yuva Vigyan Ratna Awards 2017-18,1,1.02843652526
1155,2964,Dr. A P J Abdul Kalam National Legal Essay Competition 2017,0,0.345139185079
1156,2964,1st Justice P N Bhagwati Research Paper Writing Competition 2017,0,0.216559320163
1157,2964,Best International Future Lawyer Award 2017,0,0.0
1158,2964,Archasm Architecture Competition 2017,0,0.36490318637
1159,2964,4th National Essay Writing Competition 2018,1,0.516633256873
1160,2964,India?s Storytellers/ Script Contest 2017-2018,1,0.730292463947
1161,2964,Third National Essay Competition on Water 2017-18,0,0.193838646451
1162,2964,Soul of Bengaluru Photo Contest 2017,1,0.691078509463
1163,2964,1st International Article Writing Competition 2017,1,0.712734763789
1164,2964,"Combating Corruption, Battling Black Money Competition 2017",0,0.325317406832
1165,2964,Solar Chulha Innovation Challenge 2017,0,0.488813979234
1166,3050,KTH Master's Challenge (Full Scholarship + Monthly Stipend),0,0.0
1167,3050,Marksman Call For Articles- November 2017,1,0.59707648323
1168,3050,Convergence 2017,1,0.712584779032
1169,3050,Prarambh 2018,1,0.9675939445
1170,3050,Click India Photography Competition - Shot 3,0,0.402600973278
1171,3050,NEC IIT Bombay Presents The Entrepreneurship Quiz Challenge,0,0.157840487156
1172,3050,Battleground 8.0,1,0.594554191264
1173,3050,ShopFloor,0,0.465650079867
1174,3050,CrackItUp,0,0.311463989824
1175,3050,NEC IIT Bombay Presents CodeSprint,0,0.271037122427
1176,3050,Kamaal Dhamaal Bemisaal,0,0.404705636246
1177,3050,Brainy Awards,0,0.332388187011
1178,3050,Inquizito - Tickle Your Grey Cells,0,0.410239409113
1179,3050,Finathon - Time To Trade!,0,0.333908247207
1180,3050,Yalgaar - Time For Halla Bol!,0,0.136826014827
1181,3050,IntellOps- Article Writing Competition By OpCellence,1,0.522903547726
1182,3050,BIOCON PRESENTS SHOT OF LIFE,0,0.342822606262
1183,3050,NEC IIT Bombay Presents Empresario,0,0.407627796726
1184,3050,Rural Le Carte,0,0.441251468791
1185,3050,The Fast Pay Story,0,0.441251468791
1186,3050,"FINAcumen, IIM Nagpur",1,0.584339432611
1187,3050,NEC IIT Bombay Presents Hashtrix,0,0.271037122427
1188,3050,NEC IIT Bomaby Presents HackStack,0,0.41608463104
1189,3050,Asia Pacific International Conference,1,0.621401373414
1190,3050,Interview Question Of Year 2017,0,0.334576204581
1191,3050,The Great Analytics Quiz,1,0.608132493276
1192,3050,"Paper Presentation On ""  Effect Of App Based Learning In School Education (K-12)""",0,0.433530401115
1193,3050,KDP Pen To Publish Contest,0,0.283569464392
1194,3050,Banjara International Film Festival 2017,0,0.171844639853
1195,3050,Spanish Guitar Competition 2017,0,0.345630588724
1196,3050,SSGK Maestro Olympiad,0,0.0946279746507
1197,3050,Global Business Model Competition 2017,0,0.292115592239
1198,3050,National Geography Olympiad 2017,1,0.613864778135
1199,3050,NATS Talent Search,1,1.11341700297
1200,3050,JIFF ISC Script Contest,0,0.0
1201,3050,Maay Marathi Film Competition 2017,0,0.21301614754
1202,3050,Project Innovation Contest,0,0.480108564082
1203,3050,Dream Build Play 2017 Challenge,0,0.255120239302
1204,3050,Photography Competition 2017,0,0.402600973278
1205,3050,Asia Young Designer Award Contest,1,0.632539771022
1206,3050,GYTI Innovation Awards,1,0.9675939445
1207,3050,Haryana Vigyan / Yuva Vigyan Ratna Awards 2017-18,1,0.59442596829
1208,3050,Dr. A P J Abdul Kalam National Legal Essay Competition 2017,0,0.428213162384
1209,3050,1st Justice P N Bhagwati Research Paper Writing Competition 2017,0,0.179736343042
1210,3050,Best International Future Lawyer Award 2017,0,0.0
1211,3050,Archasm Architecture Competition 2017,0,0.17790360778
1212,3050,4th National Essay Writing Competition 2018,0,0.434178083799
1213,3050,India?s Storytellers/ Script Contest 2017-2018,0,0.267678578946
1214,3050,Third National Essay Competition on Water 2017-18,0,0.1557718015
1215,3050,Soul of Bengaluru Photo Contest 2017,0,0.473713154585
1216,3050,1st International Article Writing Competition 2017,1,0.705699761094
1217,3050,"Combating Corruption, Battling Black Money Competition 2017",0,0.311689416967
1218,3050,Solar Chulha Innovation Challenge 2017,0,0.344629791748
1219,3054,KTH Master's Challenge (Full Scholarship + Monthly Stipend),0,0.0
1220,3054,Marksman Call For Articles- November 2017,0,0.384903721368
1221,3054,Convergence 2017,0,0.255834075556
1222,3054,Prarambh 2018,0,0.249870052249
1223,3054,Click India Photography Competition - Shot 3,1,0.860728257149
1224,3054,NEC IIT Bombay Presents The Entrepreneurship Quiz Challenge,0,0.165229601009
1225,3054,Battleground 8.0,0,0.178587412348
1226,3054,ShopFloor,0,0.226902396384
1227,3054,CrackItUp,0,0.0940287637429
1228,3054,NEC IIT Bombay Presents CodeSprint,0,0.152126525302
1229,3054,Kamaal Dhamaal Bemisaal,0,0.198937840198
1230,3054,Brainy Awards,0,0.178297229718
1231,3054,Inquizito - Tickle Your Grey Cells,0,0.0953399284915
1232,3054,Finathon - Time To Trade!,0,0.0960191329199
1233,3054,Yalgaar - Time For Halla Bol!,0,0.221144965443
1234,3054,IntellOps- Article Writing Competition By OpCellence,0,0.163627710434
1235,3054,BIOCON PRESENTS SHOT OF LIFE,0,0.202495008116
1236,3054,NEC IIT Bombay Presents Empresario,0,0.126701330916
1237,3054,Rural Le Carte,0,0.17682107879
1238,3054,The Fast Pay Story,0,0.17682107879
1239,3054,"FINAcumen, IIM Nagpur",0,0.16803348261
1240,3054,NEC IIT Bombay Presents Hashtrix,0,0.152126525302
1241,3054,NEC IIT Bomaby Presents HackStack,0,0.200087685028
1242,3054,Asia Pacific International Conference,0,0.14693303512
1243,3054,Interview Question Of Year 2017,0,0.123738846445
1244,3054,The Great Analytics Quiz,0,0.186377623179
1245,3054,"Paper Presentation On ""  Effect Of App Based Learning In School Education (K-12)""",0,0.177941045198
1246,3054,KDP Pen To Publish Contest,0,0.397083304394
1247,3054,Banjara International Film Festival 2017,0,0.389765639897
1248,3054,Spanish Guitar Competition 2017,0,0.488913967203
1249,3054,SSGK Maestro Olympiad,0,0.145972766884
1250,3054,Global Business Model Competition 2017,0,0.297935852887
1251,3054,National Geography Olympiad 2017,0,0.437254195801
1252,3054,NATS Talent Search,0,0.334609147938
1253,3054,JIFF ISC Script Contest,0,0.0
1254,3054,Maay Marathi Film Competition 2017,0,0.36607859347
1255,3054,Project Innovation Contest,0,0.323412188308
1256,3054,Dream Build Play 2017 Challenge,0,0.343316303767
1257,3054,Photography Competition 2017,1,0.860728257149
1258,3054,Asia Young Designer Award Contest,0,0.411439986937
1259,3054,GYTI Innovation Awards,0,0.249870052249
1260,3054,Haryana Vigyan / Yuva Vigyan Ratna Awards 2017-18,0,0.37297333112
1261,3054,Dr. A P J Abdul Kalam National Legal Essay Competition 2017,0,0.169415930939
1262,3054,1st Justice P N Bhagwati Research Paper Writing Competition 2017,0,0.0596541857785
1263,3054,Best International Future Lawyer Award 2017,0,0.0
1264,3054,Archasm Architecture Competition 2017,0,0.476727575282
1265,3054,4th National Essay Writing Competition 2018,0,0.110373584377
1266,3054,India?s Storytellers/ Script Contest 2017-2018,0,0.360631677978
1267,3054,Third National Essay Competition on Water 2017-18,0,0.0661776342375
1268,3054,Soul of Bengaluru Photo Contest 2017,1,0.686220072572
1269,3054,1st International Article Writing Competition 2017,0,0.23553758037
1270,3054,"Combating Corruption, Battling Black Money Competition 2017",0,0.044280407803
1271,3054,Solar Chulha Innovation Challenge 2017,0,0.258939916656
1272,3069,KTH Master's Challenge (Full Scholarship + Monthly Stipend),0,0.0
1273,3069,Marksman Call For Articles- November 2017,1,0.554798611497
1274,3069,Convergence 2017,0,0.478780717313
1275,3069,Prarambh 2018,0,0.0694116090673
1276,3069,Click India Photography Competition - Shot 3,1,0.573369051024
1277,3069,NEC IIT Bombay Presents The Entrepreneurship Quiz Challenge,0,0.0433436600947
1278,3069,Battleground 8.0,0,0.0618899115816
1279,3069,ShopFloor,0,0.164795637949
1280,3069,CrackItUp,0,0.110611281892
1281,3069,NEC IIT Bombay Presents CodeSprint,0,0.0521019912154
1282,3069,Kamaal Dhamaal Bemisaal,0,0.157701683403
1283,3069,Brainy Awards,0,0.157440968661
1284,3069,Inquizito - Tickle Your Grey Cells,0,0.0587782919844
1285,3069,Finathon - Time To Trade!,0,0.110661320953
1286,3069,Yalgaar - Time For Halla Bol!,0,0.206395046803
1287,3069,IntellOps- Article Writing Competition By OpCellence,0,0.162882048778
1288,3069,BIOCON PRESENTS SHOT OF LIFE,0,0.171874775185
1289,3069,NEC IIT Bombay Presents Empresario,0,0.0790239435541
1290,3069,Rural Le Carte,0,0.131138342981
1291,3069,The Fast Pay Story,0,0.131138342981
1292,3069,"FINAcumen, IIM Nagpur",0,0.193657311667
1293,3069,NEC IIT Bombay Presents Hashtrix,0,0.0521019912154
1294,3069,NEC IIT Bomaby Presents HackStack,0,0.074345535807
1295,3069,Asia Pacific International Conference,0,0.134774488269
1296,3069,Interview Question Of Year 2017,0,0.119359562981
1297,3069,The Great Analytics Quiz,0,0.140764696007
1298,3069,"Paper Presentation On ""  Effect Of App Based Learning In School Education (K-12)""",0,0.144515358963
1299,3069,KDP Pen To Publish Contest,1,0.533191092826
1300,3069,Banjara International Film Festival 2017,0,0.0716459998409
1301,3069,Spanish Guitar Competition 2017,0,0.382735944261
1302,3069,SSGK Maestro Olympiad,0,0.333333333333
1303,3069,Global Business Model Competition 2017,0,0.088792736326
1304,3069,National Geography Olympiad 2017,0,0.148728266105
1305,3069,NATS Talent Search,0,0.381751736581
1306,3069,JIFF ISC Script Contest,0,0.0
1307,3069,Maay Marathi Film Competition 2017,0,0.0988128121085
1308,3069,Project Innovation Contest,0,0.0597413658529
1309,3069,Dream Build Play 2017 Challenge,1,0.649706338863
1310,3069,Photography Competition 2017,1,0.573369051024
1311,3069,Asia Young Designer Award Contest,0,0.395356828832
1312,3069,GYTI Innovation Awards,0,0.0694116090673
1313,3069,Haryana Vigyan / Yuva Vigyan Ratna Awards 2017-18,0,0.0549963022312
1314,3069,Dr. A P J Abdul Kalam National Legal Essay Competition 2017,0,0.106582901625
1315,3069,1st Justice P N Bhagwati Research Paper Writing Competition 2017,0,0.0083104618126
1316,3069,Best International Future Lawyer Award 2017,0,0.0
1317,3069,Archasm Architecture Competition 2017,0,0.0578819938763
1318,3069,4th National Essay Writing Competition 2018,0,0.0292332229881
1319,3069,India?s Storytellers/ Script Contest 2017-2018,1,0.500469537092
1320,3069,Third National Essay Competition on Water 2017-18,0,0.0272187135893
1321,3069,Soul of Bengaluru Photo Contest 2017,0,0.0905941201253
1322,3069,1st International Article Writing Competition 2017,0,0.0525037207065
1323,3069,"Combating Corruption, Battling Black Money Competition 2017",0,0.0371397334317
1324,3069,Solar Chulha Innovation Challenge 2017,0,0.0641839748251
1325,3123,KTH Master's Challenge (Full Scholarship + Monthly Stipend),0,0.0
1326,3123,Marksman Call For Articles- November 2017,0,0.223900019676
1327,3123,Convergence 2017,0,0.174813701294
1328,3123,Prarambh 2018,0,0.245424851863
1329,3123,Click India Photography Competition - Shot 3,0,0.237806078667
1330,3123,NEC IIT Bombay Presents The Entrepreneurship Quiz Challenge,0,0.153671094124
1331,3123,Battleground 8.0,0,0.156689014338
1332,3123,ShopFloor,0,0.137790933813
1333,3123,CrackItUp,0,0.0753960858991
1334,3123,NEC IIT Bombay Presents CodeSprint,0,0.131608763798
1335,3123,Kamaal Dhamaal Bemisaal,0,0.115217489775
1336,3123,Brainy Awards,0,0.0930037194247
1337,3123,Inquizito - Tickle Your Grey Cells,0,0.103799519578
1338,3123,Finathon - Time To Trade!,0,0.0715060516502
1339,3123,Yalgaar - Time For Halla Bol!,0,0.0767221597717
1340,3123,IntellOps- Article Writing Competition By OpCellence,0,0.111415163359
1341,3123,BIOCON PRESENTS SHOT OF LIFE,0,0.119912259134
1342,3123,NEC IIT Bombay Presents Empresario,0,0.103311180167
1343,3123,Rural Le Carte,0,0.13148827776
1344,3123,The Fast Pay Story,0,0.13148827776
1345,3123,"FINAcumen, IIM Nagpur",0,0.125135590388
1346,3123,NEC IIT Bombay Presents Hashtrix,0,0.131608763798
1347,3123,NEC IIT Bomaby Presents HackStack,0,0.173118496614
1348,3123,Asia Pacific International Conference,0,0.136780820833
1349,3123,Interview Question Of Year 2017,0,0.0980948247307
1350,3123,The Great Analytics Quiz,0,0.148353786468
1351,3123,"Paper Presentation On ""  Effect Of App Based Learning In School Education (K-12)""",0,0.146766489941
1352,3123,KDP Pen To Publish Contest,0,0.174863513501
1353,3123,Banjara International Film Festival 2017,0,0.184460769204
1354,3123,Spanish Guitar Competition 2017,0,0.202824997248
1355,3123,SSGK Maestro Olympiad,0,0.059800096902
1356,3123,Global Business Model Competition 2017,0,0.117094978623
1357,3123,National Geography Olympiad 2017,0,0.384581256715
1358,3123,NATS Talent Search,0,0.386925524555
1359,3123,JIFF ISC Script Contest,0,0.0
1360,3123,Maay Marathi Film Competition 2017,0,0.0520335184019
1361,3123,Project Innovation Contest,0,0.132632436782
1362,3123,Dream Build Play 2017 Challenge,0,0.172438599915
1363,3123,Photography Competition 2017,0,0.237806078667
1364,3123,Asia Young Designer Award Contest,0,0.273764068377
1365,3123,GYTI Innovation Awards,0,0.245424851863
1366,3123,Haryana Vigyan / Yuva Vigyan Ratna Awards 2017-18,0,0.274810961834
1367,3123,Dr. A P J Abdul Kalam National Legal Essay Competition 2017,0,0.258449684626
1368,3123,1st Justice P N Bhagwati Research Paper Writing Competition 2017,0,0.0532563754084
1369,3123,Best International Future Lawyer Award 2017,0,0.0
1370,3123,Archasm Architecture Competition 2017,0,0.103847508358
1371,3123,4th National Essay Writing Competition 2018,0,0.229022611141
1372,3123,India?s Storytellers/ Script Contest 2017-2018,0,0.194448176398
1373,3123,Third National Essay Competition on Water 2017-18,0,0.0127112795362
1374,3123,Soul of Bengaluru Photo Contest 2017,0,0.199368159125
1375,3123,1st International Article Writing Competition 2017,0,0.275337236419
1376,3123,"Combating Corruption, Battling Black Money Competition 2017",0,0.0952900050203
1377,3123,Solar Chulha Innovation Challenge 2017,0,0.100504311497
1378,3145,KTH Master's Challenge (Full Scholarship + Monthly Stipend),0,0.0
1379,3145,Marksman Call For Articles- November 2017,0,0.281636513037
1380,3145,Convergence 2017,0,0.349293763195
1381,3145,Prarambh 2018,1,0.573978813476
1382,3145,Click India Photography Competition - Shot 3,0,0.210232606313
1383,3145,NEC IIT Bombay Presents The Entrepreneurship Quiz Challenge,0,0.222340336788
1384,3145,Battleground 8.0,0,0.307093383393
1385,3145,ShopFloor,0,0.230353690356
1386,3145,CrackItUp,0,0.16043862818
1387,3145,NEC IIT Bombay Presents CodeSprint,0,0.282907832349
1388,3145,Kamaal Dhamaal Bemisaal,0,0.263445907589
1389,3145,Brainy Awards,0,0.175937299837
1390,3145,Inquizito - Tickle Your Grey Cells,0,0.226506859242
1391,3145,Finathon - Time To Trade!,0,0.252703931818
1392,3145,Yalgaar - Time For Halla Bol!,0,0.0832235981537
1393,3145,IntellOps- Article Writing Competition By OpCellence,0,0.293346968438
1394,3145,BIOCON PRESENTS SHOT OF LIFE,0,0.156437622449
1395,3145,NEC IIT Bombay Presents Empresario,0,0.264354420014
1396,3145,Rural Le Carte,0,0.23397885383
1397,3145,The Fast Pay Story,0,0.23397885383
1398,3145,"FINAcumen, IIM Nagpur",0,0.442231880681
1399,3145,NEC IIT Bombay Presents Hashtrix,0,0.282907832349
1400,3145,NEC IIT Bomaby Presents HackStack,0,0.342907091294
1401,3145,Asia Pacific International Conference,0,0.393723840029
1402,3145,Interview Question Of Year 2017,0,0.260741533092
1403,3145,The Great Analytics Quiz,0,0.423481720298
1404,3145,"Paper Presentation On ""  Effect Of App Based Learning In School Education (K-12)""",0,0.237817511748
1405,3145,KDP Pen To Publish Contest,0,0.236407145208
1406,3145,Banjara International Film Festival 2017,0,0.155325287048
1407,3145,Spanish Guitar Competition 2017,0,0.231172948727
1408,3145,SSGK Maestro Olympiad,0,0.0104714966944
1409,3145,Global Business Model Competition 2017,0,0.0770534320724
1410,3145,National Geography Olympiad 2017,0,0.460152840507
1411,3145,NATS Talent Search,1,0.601420438107
1412,3145,JIFF ISC Script Contest,0,0.0
1413,3145,Maay Marathi Film Competition 2017,0,0.156548016767
1414,3145,Project Innovation Contest,0,0.216985978432
1415,3145,Dream Build Play 2017 Challenge,0,0.0622045170787
1416,3145,Photography Competition 2017,0,0.210232606313
1417,3145,Asia Young Designer Award Contest,0,0.279695106488
1418,3145,GYTI Innovation Awards,1,0.573978813476
1419,3145,Haryana Vigyan / Yuva Vigyan Ratna Awards 2017-18,0,0.337507094681
1420,3145,Dr. A P J Abdul Kalam National Legal Essay Competition 2017,0,0.194313229396
1421,3145,1st Justice P N Bhagwati Research Paper Writing Competition 2017,0,0.16104663738
1422,3145,Best International Future Lawyer Award 2017,0,0.0
1423,3145,Archasm Architecture Competition 2017,0,0.119178332705
1424,3145,4th National Essay Writing Competition 2018,0,0.244560945676
1425,3145,India?s Storytellers/ Script Contest 2017-2018,0,0.187508199961
1426,3145,Third National Essay Competition on Water 2017-18,0,0.179992899579
1427,3145,Soul of Bengaluru Photo Contest 2017,0,0.358148567796
1428,3145,1st International Article Writing Competition 2017,0,0.397512951001
1429,3145,"Combating Corruption, Battling Black Money Competition 2017",0,0.345562562666
1430,3145,Solar Chulha Innovation Challenge 2017,0,0.236191496015
1431,3164,KTH Master's Challenge (Full Scholarship + Monthly Stipend),0,0.0
1432,3164,Marksman Call For Articles- November 2017,1,0.554798611497
1433,3164,Convergence 2017,0,0.478780717313
1434,3164,Prarambh 2018,0,0.0694116090673
1435,3164,Click India Photography Competition - Shot 3,1,0.573369051024
1436,3164,NEC IIT Bombay Presents The Entrepreneurship Quiz Challenge,0,0.0433436600947
1437,3164,Battleground 8.0,0,0.0618899115816
1438,3164,ShopFloor,0,0.164795637949
1439,3164,CrackItUp,0,0.110611281892
1440,3164,NEC IIT Bombay Presents CodeSprint,0,0.0521019912154
1441,3164,Kamaal Dhamaal Bemisaal,0,0.157701683403
1442,3164,Brainy Awards,0,0.157440968661
1443,3164,Inquizito - Tickle Your Grey Cells,0,0.0587782919844
1444,3164,Finathon - Time To Trade!,0,0.110661320953
1445,3164,Yalgaar - Time For Halla Bol!,0,0.206395046803
1446,3164,IntellOps- Article Writing Competition By OpCellence,0,0.162882048778
1447,3164,BIOCON PRESENTS SHOT OF LIFE,0,0.171874775185
1448,3164,NEC IIT Bombay Presents Empresario,0,0.0790239435541
1449,3164,Rural Le Carte,0,0.131138342981
1450,3164,The Fast Pay Story,0,0.131138342981
1451,3164,"FINAcumen, IIM Nagpur",0,0.193657311667
1452,3164,NEC IIT Bombay Presents Hashtrix,0,0.0521019912154
1453,3164,NEC IIT Bomaby Presents HackStack,0,0.074345535807
1454,3164,Asia Pacific International Conference,0,0.134774488269
1455,3164,Interview Question Of Year 2017,0,0.119359562981
1456,3164,The Great Analytics Quiz,0,0.140764696007
1457,3164,"Paper Presentation On ""  Effect Of App Based Learning In School Education (K-12)""",0,0.144515358963
1458,3164,KDP Pen To Publish Contest,1,0.533191092826
1459,3164,Banjara International Film Festival 2017,0,0.0716459998409
1460,3164,Spanish Guitar Competition 2017,0,0.382735944261
1461,3164,SSGK Maestro Olympiad,0,0.333333333333
1462,3164,Global Business Model Competition 2017,0,0.088792736326
1463,3164,National Geography Olympiad 2017,0,0.148728266105
1464,3164,NATS Talent Search,0,0.381751736581
1465,3164,JIFF ISC Script Contest,0,0.0
1466,3164,Maay Marathi Film Competition 2017,0,0.0988128121085
1467,3164,Project Innovation Contest,0,0.0597413658529
1468,3164,Dream Build Play 2017 Challenge,1,0.649706338863
1469,3164,Photography Competition 2017,1,0.573369051024
1470,3164,Asia Young Designer Award Contest,0,0.395356828832
1471,3164,GYTI Innovation Awards,0,0.0694116090673
1472,3164,Haryana Vigyan / Yuva Vigyan Ratna Awards 2017-18,0,0.0549963022312
1473,3164,Dr. A P J Abdul Kalam National Legal Essay Competition 2017,0,0.106582901625
1474,3164,1st Justice P N Bhagwati Research Paper Writing Competition 2017,0,0.0083104618126
1475,3164,Best International Future Lawyer Award 2017,0,0.0
1476,3164,Archasm Architecture Competition 2017,0,0.0578819938763
1477,3164,4th National Essay Writing Competition 2018,0,0.0292332229881
1478,3164,India?s Storytellers/ Script Contest 2017-2018,1,0.500469537092
1479,3164,Third National Essay Competition on Water 2017-18,0,0.0272187135893
1480,3164,Soul of Bengaluru Photo Contest 2017,0,0.0905941201253
1481,3164,1st International Article Writing Competition 2017,0,0.0525037207065
1482,3164,"Combating Corruption, Battling Black Money Competition 2017",0,0.0371397334317
1483,3164,Solar Chulha Innovation Challenge 2017,0,0.0641839748251
1484,3165,KTH Master's Challenge (Full Scholarship + Monthly Stipend),0,0.0
1485,3165,Marksman Call For Articles- November 2017,0,0.144098663907
1486,3165,Convergence 2017,0,0.162243094849
1487,3165,Prarambh 2018,0,0.246414944444
1488,3165,Click India Photography Competition - Shot 3,0,0.221222337696
1489,3165,NEC IIT Bombay Presents The Entrepreneurship Quiz Challenge,0,0.124523305209
1490,3165,Battleground 8.0,0,0.0693357222699
1491,3165,ShopFloor,0,0.0798644926762
1492,3165,CrackItUp,0,0.0707956994145
1493,3165,NEC IIT Bombay Presents CodeSprint,0,0.132623037542
1494,3165,Kamaal Dhamaal Bemisaal,0,0.143178178458
1495,3165,Brainy Awards,0,0.105992931697
1496,3165,Inquizito - Tickle Your Grey Cells,0,0.0834453998469
1497,3165,Finathon - Time To Trade!,0,0.0599815454639
1498,3165,Yalgaar - Time For Halla Bol!,0,0.104294724715
1499,3165,IntellOps- Article Writing Competition By OpCellence,0,0.0976035262735
1500,3165,BIOCON PRESENTS SHOT OF LIFE,0,0.0910145669719
1501,3165,NEC IIT Bombay Presents Empresario,0,0.104771125305
1502,3165,Rural Le Carte,0,0.0694778975797
1503,3165,The Fast Pay Story,0,0.0694778975797
1504,3165,"FINAcumen, IIM Nagpur",0,0.104967704562
1505,3165,NEC IIT Bombay Presents Hashtrix,0,0.132623037542
1506,3165,NEC IIT Bomaby Presents HackStack,0,0.214261910971
1507,3165,Asia Pacific International Conference,0,0.0915119981917
1508,3165,Interview Question Of Year 2017,0,0.0767667128602
1509,3165,The Great Analytics Quiz,0,0.135381228981
1510,3165,"Paper Presentation On ""  Effect Of App Based Learning In School Education (K-12)""",0,0.0700809818761
1511,3165,KDP Pen To Publish Contest,0,0.215657949444
1512,3165,Banjara International Film Festival 2017,0,0.196770338108
1513,3165,Spanish Guitar Competition 2017,0,0.206359208278
1514,3165,SSGK Maestro Olympiad,0,0.0554362025724
1515,3165,Global Business Model Competition 2017,0,0.173724493187
1516,3165,National Geography Olympiad 2017,0,0.232146178692
1517,3165,NATS Talent Search,0,0.208144878445
1518,3165,JIFF ISC Script Contest,0,0.0
1519,3165,Maay Marathi Film Competition 2017,0,0.15287589638
1520,3165,Project Innovation Contest,0,0.23179156333
1521,3165,Dream Build Play 2017 Challenge,0,0.265452436379
1522,3165,Photography Competition 2017,0,0.221222337696
1523,3165,Asia Young Designer Award Contest,0,0.264808466824
1524,3165,GYTI Innovation Awards,0,0.246414944444
1525,3165,Haryana Vigyan / Yuva Vigyan Ratna Awards 2017-18,0,0.248630093974
1526,3165,Dr. A P J Abdul Kalam National Legal Essay Competition 2017,0,0.213287689909
1527,3165,1st Justice P N Bhagwati Research Paper Writing Competition 2017,0,0.0714631285194
1528,3165,Best International Future Lawyer Award 2017,0,0.0
1529,3165,Archasm Architecture Competition 2017,0,0.182020906915
1530,3165,4th National Essay Writing Competition 2018,0,0.162215866235
1531,3165,India?s Storytellers/ Script Contest 2017-2018,0,0.205356622834
1532,3165,Third National Essay Competition on Water 2017-18,0,-0.000574249839712
1533,3165,Soul of Bengaluru Photo Contest 2017,0,0.194604664958
1534,3165,1st International Article Writing Competition 2017,0,0.259313020289
1535,3165,"Combating Corruption, Battling Black Money Competition 2017",0,0.0297056312383
1536,3165,Solar Chulha Innovation Challenge 2017,0,0.196508010173
1537,3176,KTH Master's Challenge (Full Scholarship + Monthly Stipend),0,0.0
1538,3176,Marksman Call For Articles- November 2017,0,0.242717597097
1539,3176,Convergence 2017,0,0.226855458557
1540,3176,Prarambh 2018,0,0.333203287021
1541,3176,Click India Photography Competition - Shot 3,0,0.307385104022
1542,3176,NEC IIT Bombay Presents The Entrepreneurship Quiz Challenge,0,0.145562677637
1543,3176,Battleground 8.0,0,0.172708879744
1544,3176,ShopFloor,0,0.152586935798
1545,3176,CrackItUp,0,0.0746963845499
1546,3176,NEC IIT Bombay Presents CodeSprint,0,0.165684528996
1547,3176,Kamaal Dhamaal Bemisaal,0,0.145088911545
1548,3176,Brainy Awards,0,0.095749590027
1549,3176,Inquizito - Tickle Your Grey Cells,0,0.12774103226
1550,3176,Finathon - Time To Trade!,0,0.0785779412461
1551,3176,Yalgaar - Time For Halla Bol!,0,0.0739078653895
1552,3176,IntellOps- Article Writing Competition By OpCellence,0,0.143714803665
1553,3176,BIOCON PRESENTS SHOT OF LIFE,0,0.121367673378
1554,3176,NEC IIT Bombay Presents Empresario,0,0.137509528815
1555,3176,Rural Le Carte,0,0.154615283255
1556,3176,The Fast Pay Story,0,0.154615283255
1557,3176,"FINAcumen, IIM Nagpur",0,0.137511397181
1558,3176,NEC IIT Bombay Presents Hashtrix,0,0.165684528996
1559,3176,NEC IIT Bomaby Presents HackStack,0,0.222366605254
1560,3176,Asia Pacific International Conference,0,0.158890013484
1561,3176,Interview Question Of Year 2017,0,0.105040586575
1562,3176,The Great Analytics Quiz,0,0.174582830878
1563,3176,"Paper Presentation On ""  Effect Of App Based Learning In School Education (K-12)""",0,0.148051654604
1564,3176,KDP Pen To Publish Contest,0,0.23589237674
1565,3176,Banjara International Film Festival 2017,0,0.227366304672
1566,3176,Spanish Guitar Competition 2017,0,0.234801160117
1567,3176,SSGK Maestro Olympiad,0,0.0553248473785
1568,3176,Global Business Model Competition 2017,0,0.137504198975
1569,3176,National Geography Olympiad 2017,1,0.521551872044
1570,3176,NATS Talent Search,0,0.349968523811
1571,3176,JIFF ISC Script Contest,0,0.0
1572,3176,Maay Marathi Film Competition 2017,0,0.0576913603009
1573,3176,Project Innovation Contest,0,0.136281362595
1574,3176,Dream Build Play 2017 Challenge,0,0.191556722278
1575,3176,Photography Competition 2017,0,0.307385104022
1576,3176,Asia Young Designer Award Contest,0,0.283202633045
1577,3176,GYTI Innovation Awards,0,0.333203287021
1578,3176,Haryana Vigyan / Yuva Vigyan Ratna Awards 2017-18,0,0.431785259561
1579,3176,Dr. A P J Abdul Kalam National Legal Essay Competition 2017,0,0.215215248532
1580,3176,1st Justice P N Bhagwati Research Paper Writing Competition 2017,0,0.0651955361739
1581,3176,Best International Future Lawyer Award 2017,0,0.0
1582,3176,Archasm Architecture Competition 2017,0,0.182768612762
1583,3176,4th National Essay Writing Competition 2018,0,0.171678524862
1584,3176,India?s Storytellers/ Script Contest 2017-2018,0,0.175259769884
1585,3176,Third National Essay Competition on Water 2017-18,0,0.014387481898
1586,3176,Soul of Bengaluru Photo Contest 2017,0,0.291541701236
1587,3176,1st International Article Writing Competition 2017,0,0.308133033727
1588,3176,"Combating Corruption, Battling Black Money Competition 2017",0,0.0773128786153
1589,3176,Solar Chulha Innovation Challenge 2017,0,0.123155506982
